date_obs,resultat_obs
2026-05-03T00:00:00Z,16500.0
2026-05-03T00:05:00Z,16500.0
2026-05-03T00:10:00Z,16600.0
2026-05-03T00:15:00Z,16700.0
2026-05-03T00:20:00Z,16800.0
2026-05-03T00:25:00Z,16900.0
2026-05-03T00:30:00Z,17000.0
2026-05-03T00:35:00Z,17100.0
2026-05-03T00:40:00Z,17200.0
2026-05-03T00:45:00Z,17200.0
2026-05-03T00:50:00Z,17400.0
2026-05-03T00:55:00Z,17500.0
2026-05-03T01:00:00Z,17600.0
2026-05-03T01:05:00Z,17700.0
2026-05-03T01:10:00Z,17700.0
2026-05-03T01:15:00Z,17800.0
2026-05-03T01:20:00Z,17900.0
2026-05-03T01:25:00Z,18000.0
2026-05-03T01:30:00Z,18100.0
2026-05-03T01:35:00Z,18200.0
2026-05-03T01:40:00Z,18200.0
2026-05-03T01:45:00Z,18300.0
2026-05-03T01:50:00Z,18400.0
2026-05-03T01:55:00Z,18400.0
2026-05-03T02:00:00Z,18400.0
2026-05-03T02:05:00Z,18500.0
2026-05-03T02:10:00Z,18500.0
2026-05-03T02:15:00Z,18500.0
2026-05-03T02:20:00Z,18600.0
2026-05-03T02:25:00Z,18600.0
2026-05-03T02:30:00Z,18600.0
2026-05-03T02:35:00Z,18600.0
2026-05-03T02:40:00Z,18700.0
2026-05-03T02:45:00Z,18700.0
2026-05-03T02:50:00Z,18700.0
2026-05-03T02:55:00Z,18800.0
2026-05-03T03:00:00Z,18800.0
2026-05-03T03:05:00Z,18800.0
2026-05-03T03:10:00Z,18900.0
2026-05-03T03:15:00Z,19000.0
2026-05-03T03:20:00Z,19100.0
2026-05-03T03:25:00Z,19200.0
2026-05-03T03:30:00Z,19300.0
2026-05-03T03:35:00Z,19400.0
2026-05-03T03:40:00Z,19600.0
2026-05-03T03:45:00Z,19700.0
2026-05-03T03:50:00Z,19800.0
2026-05-03T03:55:00Z,19900.0
2026-05-03T04:00:00Z,20000.0
2026-05-03T04:05:00Z,20200.0
2026-05-03T04:10:00Z,20300.0
2026-05-03T04:15:00Z,20300.0
2026-05-03T04:20:00Z,20500.0
2026-05-03T04:25:00Z,20500.0
2026-05-03T04:30:00Z,20700.0
2026-05-03T04:35:00Z,20800.0
2026-05-03T04:40:00Z,20900.0
2026-05-03T04:45:00Z,21100.0
2026-05-03T04:50:00Z,21200.0
2026-05-03T04:55:00Z,21300.0
2026-05-03T05:00:00Z,21500.0
2026-05-03T05:05:00Z,21600.0
2026-05-03T05:10:00Z,21800.0
2026-05-03T05:15:00Z,22000.0
2026-05-03T05:20:00Z,22100.0
2026-05-03T05:25:00Z,22200.0
2026-05-03T05:30:00Z,22300.0
2026-05-03T05:35:00Z,22400.0
2026-05-03T05:40:00Z,22500.0
2026-05-03T05:45:00Z,22600.0
2026-05-03T05:50:00Z,22700.0
2026-05-03T05:55:00Z,22700.0
2026-05-03T06:00:00Z,22800.0
2026-05-03T06:05:00Z,22800.0
2026-05-03T06:10:00Z,22800.0
2026-05-03T06:15:00Z,22700.0
2026-05-03T06:20:00Z,22700.0
2026-05-03T06:25:00Z,22600.0
2026-05-03T06:30:00Z,22600.0
2026-05-03T06:35:00Z,22600.0
2026-05-03T06:40:00Z,22500.0
2026-05-03T06:45:00Z,22500.0
2026-05-03T06:50:00Z,22500.0
2026-05-03T06:55:00Z,22300.0
2026-05-03T07:00:00Z,22300.0
2026-05-03T07:05:00Z,22200.0
2026-05-03T07:10:00Z,22200.0
2026-05-03T07:15:00Z,22100.0
2026-05-03T07:20:00Z,22000.0
2026-05-03T07:25:00Z,21900.0
2026-05-03T07:30:00Z,21900.0
2026-05-03T07:35:00Z,21800.0
2026-05-03T07:40:00Z,21700.0
2026-05-03T07:45:00Z,21600.0
2026-05-03T07:50:00Z,21500.0
2026-05-03T07:55:00Z,21500.0
2026-05-03T08:00:00Z,21300.0
2026-05-03T08:05:00Z,21300.0
2026-05-03T08:10:00Z,21200.0
2026-05-03T08:15:00Z,21100.0
2026-05-03T08:20:00Z,21100.0
2026-05-03T08:25:00Z,20900.0
2026-05-03T08:30:00Z,20900.0
2026-05-03T08:35:00Z,20800.0
2026-05-03T08:40:00Z,20800.0
2026-05-03T08:45:00Z,20700.0
2026-05-03T08:50:00Z,20600.0
2026-05-03T08:55:00Z,20500.0
2026-05-03T09:00:00Z,20500.0
2026-05-03T09:05:00Z,20400.0
2026-05-03T09:10:00Z,20400.0
2026-05-03T09:15:00Z,20300.0
2026-05-03T09:20:00Z,20300.0
2026-05-03T09:25:00Z,20200.0
2026-05-03T09:30:00Z,20200.0
2026-05-03T09:35:00Z,20100.0
2026-05-03T09:40:00Z,20000.0
2026-05-03T09:45:00Z,20000.0
2026-05-03T09:50:00Z,19900.0
2026-05-03T09:55:00Z,19900.0
2026-05-03T10:00:00Z,19900.0
2026-05-03T10:05:00Z,19800.0
2026-05-03T10:10:00Z,19800.0
2026-05-03T10:15:00Z,19700.0
2026-05-03T10:20:00Z,19700.0
2026-05-03T10:25:00Z,19600.0
2026-05-03T10:30:00Z,19500.0
2026-05-03T10:35:00Z,19400.0
2026-05-03T10:40:00Z,19300.0
2026-05-03T10:45:00Z,19300.0
2026-05-03T10:50:00Z,19200.0
2026-05-03T10:55:00Z,19100.0
2026-05-03T11:00:00Z,18900.0
2026-05-03T11:05:00Z,18700.0
2026-05-03T11:10:00Z,18600.0
2026-05-03T11:15:00Z,18500.0
2026-05-03T11:20:00Z,18400.0
2026-05-03T11:25:00Z,18400.0
2026-05-03T11:30:00Z,18200.0
2026-05-03T11:35:00Z,18200.0
2026-05-03T11:40:00Z,18200.0
2026-05-03T11:45:00Z,18300.0
2026-05-03T11:50:00Z,18400.0
2026-05-03T11:55:00Z,18400.0
2026-05-03T12:00:00Z,18500.0
2026-05-03T12:05:00Z,18500.0
2026-05-03T12:10:00Z,18500.0
2026-05-03T12:15:00Z,18500.0
2026-05-03T12:20:00Z,18500.0
2026-05-03T12:25:00Z,18500.0
2026-05-03T12:30:00Z,18500.0
2026-05-03T12:35:00Z,18500.0
2026-05-03T12:40:00Z,18500.0
2026-05-03T12:45:00Z,18400.0
2026-05-03T12:50:00Z,18400.0
2026-05-03T12:55:00Z,18400.0
2026-05-03T13:00:00Z,18400.0
2026-05-03T13:05:00Z,18400.0
2026-05-03T13:10:00Z,18400.0
2026-05-03T13:15:00Z,18400.0
2026-05-03T13:20:00Z,18400.0
2026-05-03T13:25:00Z,18300.0
2026-05-03T13:30:00Z,18300.0
2026-05-03T13:35:00Z,18300.0
2026-05-03T13:40:00Z,18300.0
2026-05-03T13:45:00Z,18300.0
2026-05-03T13:50:00Z,18300.0
2026-05-03T13:55:00Z,18200.0
2026-05-03T14:00:00Z,18200.0
2026-05-03T14:05:00Z,18100.0
2026-05-03T14:10:00Z,18000.0
2026-05-03T14:15:00Z,17900.0
2026-05-03T14:20:00Z,17900.0
2026-05-03T14:25:00Z,17800.0
2026-05-03T14:30:00Z,17800.0
2026-05-03T14:35:00Z,17800.0
2026-05-03T14:40:00Z,17700.0
2026-05-03T14:45:00Z,17700.0
2026-05-03T14:50:00Z,17700.0
2026-05-03T14:55:00Z,17700.0
2026-05-03T15:00:00Z,17700.0
2026-05-03T15:05:00Z,17700.0
2026-05-03T15:10:00Z,17700.0
2026-05-03T15:15:00Z,17700.0
2026-05-03T15:20:00Z,17700.0
2026-05-03T15:25:00Z,17600.0
2026-05-03T15:30:00Z,17600.0
2026-05-03T15:35:00Z,17600.0
2026-05-03T15:40:00Z,17600.0
2026-05-03T15:45:00Z,17500.0
2026-05-03T15:50:00Z,17500.0
2026-05-03T15:55:00Z,17500.0
2026-05-03T16:00:00Z,17400.0
2026-05-03T16:05:00Z,17400.0
2026-05-03T16:10:00Z,17400.0
2026-05-03T16:15:00Z,17400.0
2026-05-03T16:20:00Z,17400.0
2026-05-03T16:25:00Z,17400.0
2026-05-03T16:30:00Z,17400.0
2026-05-03T16:35:00Z,17400.0
2026-05-03T16:40:00Z,17400.0
2026-05-03T16:45:00Z,17400.0
2026-05-03T16:50:00Z,17300.0
2026-05-03T16:55:00Z,17300.0
2026-05-03T17:00:00Z,17300.0
2026-05-03T17:05:00Z,17200.0
2026-05-03T17:10:00Z,17200.0
2026-05-03T17:15:00Z,17200.0
2026-05-03T17:20:00Z,17200.0
2026-05-03T17:25:00Z,17200.0
2026-05-03T17:30:00Z,17100.0
2026-05-03T17:35:00Z,17100.0
2026-05-03T17:40:00Z,17100.0
2026-05-03T17:45:00Z,17100.0
2026-05-03T17:50:00Z,17000.0
2026-05-03T17:55:00Z,17000.0
2026-05-03T18:00:00Z,17000.0
2026-05-03T18:05:00Z,17000.0
2026-05-03T18:10:00Z,16900.0
2026-05-03T18:15:00Z,16900.0
2026-05-03T18:20:00Z,16900.0
2026-05-03T18:25:00Z,16900.0
2026-05-03T18:30:00Z,16900.0
2026-05-03T18:35:00Z,16900.0
2026-05-03T18:40:00Z,16800.0
2026-05-03T18:45:00Z,16800.0
2026-05-03T18:50:00Z,16800.0
2026-05-03T18:55:00Z,16800.0
2026-05-03T19:00:00Z,16800.0
2026-05-03T19:05:00Z,16800.0
2026-05-03T19:10:00Z,16800.0
2026-05-03T19:15:00Z,16800.0
2026-05-03T19:20:00Z,16800.0
2026-05-03T19:25:00Z,16800.0
2026-05-03T19:30:00Z,16700.0
2026-05-03T19:35:00Z,16800.0
2026-05-03T19:40:00Z,16800.0
2026-05-03T19:45:00Z,16800.0
2026-05-03T19:50:00Z,16800.0
2026-05-03T19:55:00Z,16800.0
2026-05-03T20:00:00Z,16800.0
2026-05-03T20:05:00Z,16800.0
2026-05-03T20:10:00Z,16800.0
2026-05-03T20:15:00Z,16700.0
2026-05-03T20:20:00Z,16700.0
2026-05-03T20:25:00Z,16700.0
2026-05-03T20:30:00Z,16700.0
2026-05-03T20:35:00Z,16700.0
2026-05-03T20:40:00Z,16700.0
2026-05-03T20:45:00Z,16600.0
2026-05-03T20:50:00Z,16600.0
2026-05-03T20:55:00Z,16600.0
2026-05-03T21:00:00Z,16500.0
2026-05-03T21:05:00Z,16500.0
2026-05-03T21:10:00Z,16500.0
2026-05-03T21:15:00Z,16500.0
2026-05-03T21:20:00Z,16500.0
2026-05-03T21:25:00Z,16500.0
2026-05-03T21:30:00Z,16400.0
2026-05-03T21:35:00Z,16400.0
2026-05-03T21:40:00Z,16400.0
2026-05-03T21:45:00Z,16500.0
2026-05-03T21:50:00Z,16500.0
2026-05-03T21:55:00Z,16400.0
2026-05-03T22:00:00Z,16400.0
2026-05-03T22:05:00Z,16400.0
2026-05-03T22:10:00Z,16400.0
2026-05-03T22:15:00Z,16400.0
2026-05-03T22:20:00Z,16400.0
2026-05-03T22:25:00Z,16400.0
2026-05-03T22:30:00Z,16400.0
2026-05-03T22:35:00Z,16400.0
2026-05-03T22:40:00Z,16300.0
2026-05-03T22:45:00Z,16300.0
2026-05-03T22:50:00Z,16300.0
2026-05-03T22:55:00Z,16300.0
2026-05-03T23:00:00Z,16300.0
2026-05-03T23:05:00Z,16200.0
2026-05-03T23:10:00Z,16200.0
2026-05-03T23:15:00Z,16200.0
2026-05-03T23:20:00Z,16200.0
2026-05-03T23:25:00Z,16200.0
2026-05-03T23:30:00Z,16200.0
2026-05-03T23:35:00Z,16200.0
2026-05-03T23:40:00Z,16200.0
2026-05-03T23:45:00Z,16200.0
2026-05-03T23:50:00Z,16200.0
2026-05-03T23:55:00Z,16100.0
2026-05-04T00:00:00Z,16100.0
2026-05-04T00:05:00Z,16100.0
2026-05-04T00:10:00Z,16200.0
2026-05-04T00:15:00Z,16200.0
2026-05-04T00:20:00Z,16200.0
2026-05-04T00:25:00Z,16200.0
2026-05-04T00:30:00Z,16200.0
2026-05-04T00:35:00Z,16200.0
2026-05-04T00:40:00Z,16200.0
2026-05-04T00:45:00Z,16200.0
2026-05-04T00:50:00Z,16200.0
2026-05-04T00:55:00Z,16100.0
2026-05-04T01:00:00Z,16100.0
2026-05-04T01:05:00Z,16100.0
2026-05-04T01:10:00Z,16100.0
2026-05-04T01:15:00Z,16200.0
2026-05-04T01:20:00Z,16200.0
2026-05-04T01:25:00Z,16300.0
2026-05-04T01:30:00Z,16300.0
2026-05-04T01:35:00Z,16300.0
2026-05-04T01:40:00Z,16300.0
2026-05-04T01:45:00Z,16300.0
2026-05-04T01:50:00Z,16400.0
2026-05-04T01:55:00Z,16400.0
2026-05-04T02:00:00Z,16400.0
2026-05-04T02:05:00Z,16400.0
2026-05-04T02:10:00Z,16400.0
2026-05-04T02:15:00Z,16500.0
2026-05-04T02:20:00Z,16500.0
2026-05-04T02:25:00Z,16500.0
2026-05-04T02:30:00Z,16500.0
2026-05-04T02:35:00Z,16500.0
2026-05-04T02:40:00Z,16500.0
2026-05-04T02:45:00Z,16500.0
2026-05-04T02:50:00Z,16500.0
2026-05-04T02:55:00Z,16500.0
2026-05-04T03:00:00Z,16500.0
2026-05-04T03:05:00Z,16500.0
2026-05-04T03:10:00Z,16400.0
2026-05-04T03:15:00Z,16400.0
2026-05-04T03:20:00Z,16400.0
2026-05-04T03:25:00Z,16400.0
2026-05-04T03:30:00Z,16400.0
2026-05-04T03:35:00Z,16400.0
2026-05-04T03:40:00Z,16400.0
2026-05-04T03:45:00Z,16400.0
2026-05-04T03:50:00Z,16400.0
2026-05-04T03:55:00Z,16400.0
2026-05-04T04:00:00Z,16400.0
2026-05-04T04:05:00Z,16400.0
2026-05-04T04:10:00Z,16400.0
2026-05-04T04:15:00Z,16400.0
2026-05-04T04:20:00Z,16400.0
2026-05-04T04:25:00Z,16400.0
2026-05-04T04:35:00Z,16400.0
2026-05-04T04:40:00Z,16400.0
2026-05-04T04:45:00Z,16400.0
2026-05-04T04:50:00Z,16400.0
2026-05-04T04:55:00Z,16400.0
2026-05-04T05:00:00Z,16400.0
2026-05-04T05:05:00Z,16400.0
2026-05-04T05:10:00Z,16400.0
2026-05-04T05:15:00Z,16400.0
2026-05-04T05:20:00Z,16400.0
2026-05-04T05:25:00Z,16400.0
2026-05-04T05:30:00Z,16400.0
2026-05-04T05:35:00Z,16500.0
2026-05-04T05:40:00Z,16500.0
2026-05-04T05:45:00Z,16600.0
2026-05-04T05:50:00Z,16600.0
2026-05-04T05:55:00Z,16600.0
2026-05-04T06:00:00Z,16700.0
2026-05-04T06:05:00Z,16700.0
2026-05-04T06:10:00Z,16700.0
2026-05-04T06:15:00Z,16700.0
2026-05-04T06:20:00Z,16700.0
2026-05-04T06:25:00Z,16800.0
2026-05-04T06:30:00Z,16800.0
2026-05-04T06:35:00Z,16800.0
2026-05-04T06:40:00Z,16800.0
2026-05-04T06:45:00Z,16900.0
2026-05-04T06:50:00Z,16900.0
2026-05-04T09:05:00Z,18400.0
2026-05-04T09:10:00Z,18400.0
2026-05-04T09:15:00Z,18600.0
2026-05-04T09:20:00Z,18700.0
2026-05-04T09:25:00Z,18800.0
2026-05-04T09:30:00Z,18900.0
2026-05-04T09:35:00Z,19100.0
2026-05-04T09:40:00Z,19200.0
2026-05-04T09:45:00Z,19300.0
2026-05-04T09:50:00Z,19400.0
2026-05-04T09:55:00Z,19400.0
2026-05-04T10:00:00Z,19500.0
2026-05-04T10:05:00Z,19500.0
2026-05-04T10:10:00Z,19500.0
2026-05-04T10:15:00Z,19500.0
2026-05-04T10:20:00Z,19500.0
2026-05-04T10:25:00Z,19500.0
2026-05-04T10:30:00Z,19500.0
2026-05-04T10:35:00Z,19500.0
2026-05-04T10:40:00Z,19400.0
2026-05-04T10:45:00Z,19400.0
2026-05-04T10:50:00Z,19400.0
2026-05-04T10:55:00Z,19400.0
2026-05-04T11:00:00Z,19500.0
2026-05-04T11:05:00Z,19500.0
2026-05-04T11:10:00Z,19600.0
2026-05-04T11:15:00Z,19600.0
2026-05-04T11:20:00Z,19700.0
2026-05-04T11:25:00Z,19800.0
2026-05-04T11:30:00Z,19900.0
2026-05-04T11:35:00Z,20000.0
2026-05-04T11:40:00Z,20100.0
2026-05-04T11:45:00Z,20200.0
2026-05-04T11:50:00Z,20300.0
2026-05-04T11:55:00Z,20400.0
2026-05-04T12:00:00Z,20500.0
2026-05-04T12:05:00Z,20600.0
2026-05-04T12:10:00Z,20700.0
2026-05-04T12:15:00Z,20800.0
2026-05-04T12:20:00Z,20800.0
2026-05-04T12:25:00Z,20900.0
2026-05-04T12:30:00Z,21000.0
2026-05-04T12:35:00Z,21100.0
2026-05-04T12:40:00Z,21100.0
2026-05-04T12:45:00Z,21200.0
2026-05-04T12:50:00Z,21300.0
2026-05-04T12:55:00Z,21300.0
2026-05-04T13:00:00Z,21500.0
2026-05-04T13:05:00Z,21500.0
2026-05-04T13:10:00Z,21700.0
2026-05-04T13:15:00Z,21800.0
2026-05-04T13:20:00Z,21900.0
2026-05-04T13:25:00Z,22000.0
2026-05-04T13:30:00Z,22100.0
2026-05-04T13:35:00Z,22200.0
2026-05-04T13:40:00Z,22300.0
2026-05-04T13:45:00Z,22400.0
2026-05-04T13:50:00Z,22500.0
2026-05-04T13:55:00Z,22500.0
2026-05-04T14:00:00Z,22600.0
2026-05-04T14:05:00Z,22700.0
2026-05-04T14:10:00Z,22700.0
2026-05-04T14:15:00Z,22700.0
2026-05-04T14:20:00Z,22700.0
2026-05-04T14:25:00Z,22700.0
2026-05-04T14:30:00Z,22700.0
2026-05-04T14:35:00Z,22700.0
2026-05-04T14:40:00Z,22700.0
2026-05-04T14:45:00Z,22800.0
2026-05-04T14:50:00Z,22800.0
2026-05-04T14:55:00Z,22900.0
2026-05-04T15:00:00Z,23000.0
2026-05-04T15:05:00Z,23000.0
2026-05-04T15:10:00Z,23100.0
2026-05-04T15:15:00Z,23200.0
2026-05-04T15:20:00Z,23200.0
2026-05-04T15:25:00Z,23200.0
2026-05-04T15:30:00Z,23300.0
2026-05-04T15:35:00Z,23400.0
2026-05-04T15:40:00Z,23400.0
2026-05-04T15:45:00Z,23500.0
2026-05-04T15:50:00Z,23600.0
2026-05-04T15:55:00Z,23600.0
2026-05-04T16:00:00Z,23700.0
2026-05-04T16:05:00Z,23800.0
2026-05-04T16:10:00Z,23800.0
2026-05-04T16:15:00Z,23900.0
2026-05-04T16:20:00Z,24000.0
2026-05-04T16:25:00Z,24000.0
2026-05-04T16:30:00Z,24200.0
2026-05-04T16:35:00Z,24200.0
2026-05-04T16:40:00Z,24300.0
2026-05-04T16:45:00Z,24400.0
2026-05-04T16:50:00Z,24500.0
2026-05-04T16:55:00Z,24600.0
2026-05-04T17:00:00Z,24700.0
2026-05-04T17:05:00Z,24800.0
2026-05-04T17:10:00Z,24900.0
2026-05-04T17:15:00Z,25100.0
2026-05-04T17:20:00Z,25200.0
2026-05-04T17:25:00Z,25300.0
2026-05-04T17:30:00Z,25400.0
2026-05-04T17:35:00Z,25500.0
2026-05-04T17:40:00Z,25800.0
2026-05-04T17:45:00Z,25900.0
2026-05-04T17:50:00Z,26000.0
2026-05-04T17:55:00Z,26200.0
2026-05-04T18:00:00Z,26300.0
2026-05-04T18:05:00Z,26500.0
2026-05-04T18:10:00Z,26600.0
2026-05-04T18:15:00Z,26800.0
2026-05-04T18:20:00Z,27000.0
2026-05-04T18:25:00Z,27200.0
2026-05-04T18:30:00Z,27400.0
2026-05-04T18:35:00Z,27600.0
2026-05-04T18:40:00Z,27800.0
2026-05-04T18:45:00Z,28000.0
2026-05-04T18:50:00Z,28200.0
2026-05-04T18:55:00Z,28500.0
2026-05-04T19:00:00Z,28700.0
2026-05-04T19:05:00Z,29000.0
2026-05-04T19:10:00Z,29200.0
2026-05-04T19:15:00Z,29500.0
2026-05-04T19:20:00Z,29700.0
2026-05-04T19:25:00Z,30000.0
2026-05-04T19:30:00Z,30200.0
2026-05-04T19:35:00Z,30500.0
2026-05-04T19:40:00Z,31200.0
2026-05-04T19:45:00Z,31200.0
2026-05-04T19:50:00Z,31200.0
2026-05-04T19:55:00Z,31200.0
2026-05-04T20:00:00Z,31300.0
2026-05-04T20:05:00Z,31400.0
2026-05-04T20:10:00Z,31600.0
2026-05-04T20:15:00Z,31700.0
2026-05-04T20:20:00Z,31900.0
2026-05-04T20:25:00Z,32100.0
2026-05-04T20:30:00Z,32300.0
2026-05-04T20:35:00Z,32600.0
2026-05-04T20:40:00Z,32700.0
2026-05-04T20:45:00Z,33000.0
2026-05-04T20:50:00Z,33100.0
2026-05-04T20:55:00Z,33400.0
2026-05-04T21:00:00Z,33500.0
2026-05-04T21:05:00Z,33700.0
2026-05-04T21:10:00Z,33800.0
2026-05-04T21:15:00Z,33900.0
2026-05-04T21:20:00Z,34000.0
2026-05-04T21:25:00Z,34200.0
2026-05-04T21:30:00Z,34300.0
2026-05-04T21:35:00Z,34400.0
2026-05-04T21:40:00Z,34500.0
2026-05-04T21:45:00Z,34700.0
2026-05-04T21:50:00Z,34800.0
2026-05-04T21:55:00Z,34900.0
2026-05-04T22:00:00Z,35100.0
2026-05-04T22:05:00Z,35200.0
2026-05-04T22:10:00Z,35400.0
2026-05-04T22:15:00Z,35500.0
2026-05-04T22:20:00Z,35700.0
2026-05-04T22:25:00Z,35900.0
2026-05-04T22:30:00Z,36200.0
2026-05-04T22:35:00Z,36500.0
2026-05-04T22:40:00Z,37400.0
2026-05-04T22:45:00Z,37600.0
2026-05-04T22:50:00Z,37800.0
2026-05-04T22:55:00Z,38200.0
2026-05-04T23:00:00Z,39400.0
2026-05-04T23:05:00Z,39400.0
2026-05-04T23:10:00Z,39600.0
2026-05-04T23:15:00Z,39900.0
2026-05-04T23:20:00Z,40200.0
2026-05-04T23:25:00Z,40500.0
2026-05-04T23:30:00Z,41400.0
2026-05-04T23:35:00Z,41500.0
2026-05-04T23:40:00Z,41700.0
2026-05-04T23:45:00Z,41900.0
2026-05-04T23:50:00Z,42200.0
2026-05-04T23:55:00Z,42400.0
2026-05-05T00:00:00Z,42600.0
2026-05-05T00:05:00Z,42800.0
2026-05-05T00:10:00Z,43000.0
2026-05-05T00:15:00Z,43200.0
2026-05-05T00:20:00Z,43200.0
2026-05-05T00:25:00Z,43300.0
2026-05-05T00:30:00Z,43400.0
2026-05-05T00:35:00Z,43400.0
2026-05-05T00:40:00Z,43400.0
2026-05-05T00:45:00Z,43300.0
2026-05-05T00:50:00Z,43300.0
2026-05-05T00:55:00Z,43200.0
2026-05-05T01:00:00Z,43100.0
2026-05-05T01:05:00Z,42900.0
2026-05-05T01:10:00Z,42700.0
2026-05-05T01:15:00Z,42500.0
2026-05-05T01:20:00Z,42300.0
2026-05-05T01:25:00Z,42300.0
2026-05-05T01:30:00Z,42100.0
2026-05-05T01:35:00Z,41900.0
2026-05-05T01:40:00Z,41700.0
2026-05-05T01:45:00Z,41500.0
2026-05-05T01:50:00Z,41300.0
2026-05-05T01:55:00Z,41200.0
2026-05-05T02:00:00Z,41000.0
2026-05-05T02:05:00Z,40800.0
2026-05-05T02:10:00Z,40500.0
2026-05-05T02:15:00Z,40400.0
2026-05-05T02:20:00Z,40200.0
2026-05-05T02:25:00Z,39900.0
2026-05-05T02:30:00Z,39700.0
2026-05-05T02:35:00Z,39600.0
2026-05-05T02:40:00Z,39400.0
2026-05-05T02:45:00Z,39200.0
2026-05-05T02:50:00Z,39000.0
2026-05-05T02:55:00Z,38900.0
2026-05-05T03:00:00Z,38700.0
2026-05-05T03:05:00Z,38500.0
2026-05-05T03:10:00Z,38300.0
2026-05-05T03:15:00Z,38200.0
2026-05-05T03:20:00Z,38000.0
2026-05-05T03:25:00Z,37800.0
2026-05-05T03:30:00Z,37600.0
2026-05-05T03:35:00Z,37400.0
2026-05-05T03:40:00Z,37200.0
2026-05-05T03:45:00Z,37000.0
2026-05-05T03:50:00Z,37000.0
2026-05-05T03:55:00Z,36700.0
2026-05-05T04:00:00Z,36600.0
2026-05-05T04:05:00Z,36400.0
2026-05-05T04:10:00Z,36300.0
2026-05-05T04:15:00Z,36100.0
2026-05-05T04:20:00Z,36000.0
2026-05-05T04:25:00Z,35900.0
2026-05-05T04:30:00Z,35700.0
2026-05-05T04:35:00Z,35600.0
2026-05-05T04:40:00Z,35400.0
2026-05-05T04:45:00Z,35300.0
2026-05-05T04:50:00Z,35200.0
2026-05-05T04:55:00Z,35100.0
2026-05-05T05:00:00Z,35000.0
2026-05-05T05:05:00Z,34800.0
2026-05-05T05:10:00Z,34700.0
2026-05-05T05:15:00Z,34500.0
2026-05-05T05:20:00Z,34400.0
2026-05-05T05:25:00Z,34300.0
2026-05-05T05:30:00Z,34200.0
2026-05-05T05:35:00Z,34000.0
2026-05-05T05:40:00Z,33900.0
2026-05-05T05:45:00Z,33800.0
2026-05-05T05:50:00Z,33600.0
2026-05-05T05:55:00Z,33500.0
2026-05-05T06:00:00Z,33300.0
2026-05-05T06:05:00Z,33300.0
2026-05-05T06:10:00Z,33100.0
2026-05-05T06:15:00Z,33000.0
2026-05-05T06:20:00Z,32900.0
2026-05-05T06:25:00Z,32800.0
2026-05-05T06:30:00Z,32700.0
2026-05-05T06:35:00Z,32700.0
2026-05-05T06:40:00Z,32500.0
2026-05-05T06:45:00Z,32400.0
2026-05-05T06:50:00Z,32300.0
2026-05-05T06:55:00Z,32200.0
2026-05-05T07:00:00Z,32100.0
2026-05-05T07:05:00Z,32000.0
2026-05-05T07:10:00Z,31900.0
2026-05-05T07:15:00Z,31800.0
2026-05-05T07:20:00Z,31700.0
2026-05-05T07:25:00Z,31600.0
2026-05-05T07:30:00Z,31400.0
2026-05-05T07:35:00Z,31300.0
2026-05-05T07:40:00Z,31200.0
2026-05-05T07:45:00Z,31200.0
2026-05-05T07:50:00Z,31100.0
2026-05-05T07:55:00Z,31000.0
2026-05-05T08:00:00Z,30900.0
2026-05-05T08:05:00Z,30900.0
2026-05-05T08:10:00Z,30700.0
2026-05-05T08:15:00Z,30600.0
2026-05-05T08:20:00Z,30500.0
2026-05-05T08:25:00Z,30500.0
2026-05-05T08:30:00Z,30500.0
2026-05-05T08:35:00Z,30500.0
2026-05-05T08:40:00Z,30500.0
2026-05-05T08:45:00Z,30400.0
2026-05-05T08:50:00Z,30300.0
2026-05-05T08:55:00Z,30300.0
2026-05-05T09:00:00Z,30200.0
2026-05-05T09:05:00Z,30200.0
2026-05-05T09:10:00Z,30100.0
2026-05-05T09:15:00Z,30000.0
2026-05-05T09:20:00Z,29900.0
2026-05-05T09:25:00Z,29900.0
2026-05-05T09:30:00Z,29900.0
2026-05-05T09:35:00Z,29800.0
2026-05-05T09:40:00Z,29700.0
2026-05-05T09:45:00Z,29600.0
2026-05-05T09:50:00Z,29600.0
2026-05-05T09:55:00Z,29600.0
2026-05-05T10:00:00Z,29500.0
2026-05-05T10:05:00Z,29300.0
2026-05-05T10:10:00Z,29300.0
2026-05-05T10:15:00Z,29200.0
2026-05-05T10:20:00Z,29200.0
2026-05-05T10:25:00Z,29100.0
2026-05-05T10:30:00Z,29000.0
2026-05-05T10:35:00Z,28900.0
2026-05-05T10:40:00Z,28900.0
2026-05-05T10:45:00Z,28900.0
2026-05-05T10:50:00Z,28700.0
2026-05-05T10:55:00Z,28700.0
2026-05-05T11:00:00Z,28700.0
2026-05-05T11:05:00Z,28600.0
2026-05-05T11:10:00Z,28500.0
2026-05-05T11:15:00Z,28400.0
2026-05-05T11:20:00Z,28400.0
2026-05-05T11:25:00Z,28300.0
2026-05-05T11:30:00Z,28200.0
2026-05-05T11:35:00Z,28100.0
2026-05-05T11:40:00Z,28100.0
2026-05-05T11:45:00Z,28100.0
2026-05-05T11:50:00Z,28000.0
2026-05-05T11:55:00Z,28000.0
2026-05-05T12:00:00Z,27900.0
2026-05-05T12:05:00Z,27800.0
2026-05-05T12:10:00Z,27700.0
2026-05-05T12:15:00Z,27600.0
2026-05-05T12:20:00Z,27600.0
2026-05-05T12:25:00Z,27500.0
2026-05-05T12:30:00Z,27500.0
2026-05-05T12:35:00Z,27400.0
2026-05-05T12:40:00Z,27400.0
2026-05-05T12:45:00Z,27300.0
2026-05-05T12:50:00Z,27300.0
2026-05-05T12:55:00Z,27200.0
2026-05-05T13:00:00Z,27100.0
2026-05-05T13:05:00Z,27000.0
2026-05-05T13:10:00Z,27000.0
2026-05-05T13:15:00Z,26900.0
2026-05-05T13:20:00Z,26800.0
2026-05-05T13:25:00Z,26800.0
2026-05-05T13:30:00Z,26700.0
2026-05-05T13:35:00Z,26700.0
2026-05-05T13:40:00Z,26500.0
2026-05-05T13:45:00Z,26500.0
2026-05-05T13:50:00Z,26500.0
2026-05-05T13:55:00Z,26500.0
2026-05-05T14:00:00Z,26400.0
2026-05-05T14:05:00Z,26300.0
2026-05-05T14:10:00Z,26300.0
2026-05-05T14:15:00Z,26300.0
2026-05-05T14:20:00Z,26200.0
2026-05-05T14:25:00Z,26100.0
2026-05-05T14:30:00Z,26100.0
2026-05-05T14:35:00Z,26100.0
2026-05-05T14:40:00Z,26100.0
2026-05-05T14:45:00Z,26000.0
2026-05-05T14:50:00Z,26000.0
2026-05-05T14:55:00Z,26000.0
2026-05-05T15:00:00Z,25900.0
2026-05-05T15:05:00Z,25800.0
2026-05-05T15:10:00Z,25800.0
2026-05-05T15:15:00Z,25700.0
2026-05-05T15:20:00Z,25600.0
2026-05-05T15:25:00Z,25500.0
2026-05-05T15:30:00Z,25500.0
2026-05-05T15:35:00Z,25500.0
2026-05-05T15:40:00Z,25300.0
2026-05-05T15:45:00Z,25300.0
2026-05-05T15:50:00Z,25200.0
2026-05-05T15:55:00Z,25200.0
2026-05-05T16:00:00Z,25100.0
2026-05-05T16:05:00Z,25100.0
2026-05-05T16:10:00Z,25100.0
2026-05-05T16:15:00Z,25100.0
2026-05-05T16:20:00Z,25100.0
2026-05-05T16:25:00Z,25100.0
2026-05-05T16:30:00Z,25100.0
2026-05-05T16:35:00Z,25000.0
2026-05-05T16:40:00Z,25000.0
2026-05-05T16:45:00Z,24900.0
2026-05-05T16:50:00Z,24900.0
2026-05-05T16:55:00Z,24800.0
2026-05-05T17:00:00Z,24700.0
2026-05-05T17:05:00Z,24600.0
2026-05-05T17:10:00Z,24600.0
2026-05-05T17:15:00Z,24600.0
2026-05-05T17:20:00Z,24500.0
2026-05-05T17:25:00Z,24500.0
2026-05-05T17:30:00Z,24400.0
2026-05-05T17:35:00Z,24400.0
2026-05-05T17:40:00Z,24400.0
2026-05-05T17:45:00Z,24400.0
2026-05-05T17:50:00Z,24400.0
2026-05-05T17:55:00Z,24400.0
2026-05-05T18:00:00Z,24400.0
2026-05-05T18:05:00Z,24400.0
2026-05-05T18:10:00Z,24400.0
2026-05-05T18:15:00Z,24400.0
2026-05-05T18:20:00Z,24300.0
2026-05-05T18:25:00Z,24300.0
2026-05-05T18:30:00Z,24300.0
2026-05-05T18:35:00Z,24200.0
2026-05-05T18:40:00Z,24200.0
2026-05-05T18:45:00Z,24200.0
2026-05-05T18:50:00Z,24100.0
2026-05-05T18:55:00Z,24000.0
2026-05-05T19:00:00Z,24000.0
2026-05-05T19:05:00Z,24000.0
2026-05-05T19:10:00Z,23900.0
2026-05-05T19:15:00Z,23900.0
2026-05-05T19:20:00Z,23800.0
2026-05-05T19:25:00Z,23800.0
2026-05-05T19:30:00Z,23800.0
2026-05-05T19:35:00Z,23800.0
2026-05-05T19:40:00Z,23700.0
2026-05-05T19:45:00Z,23700.0
2026-05-05T19:50:00Z,23700.0
2026-05-05T19:55:00Z,23600.0
2026-05-05T20:00:00Z,23600.0
2026-05-05T20:05:00Z,23600.0
2026-05-05T20:10:00Z,23600.0
2026-05-05T20:15:00Z,23600.0
2026-05-05T20:20:00Z,23500.0
2026-05-05T20:25:00Z,23500.0
2026-05-05T20:30:00Z,23500.0
2026-05-05T20:35:00Z,23500.0
2026-05-05T20:40:00Z,23400.0
2026-05-05T20:45:00Z,23400.0
2026-05-05T20:50:00Z,23400.0
2026-05-05T20:55:00Z,23400.0
2026-05-05T21:00:00Z,23300.0
2026-05-05T21:05:00Z,23300.0
2026-05-05T21:10:00Z,23300.0
2026-05-05T21:15:00Z,23300.0
2026-05-05T21:20:00Z,23300.0
2026-05-05T21:25:00Z,23200.0
2026-05-05T21:30:00Z,23200.0
2026-05-05T21:35:00Z,23200.0
2026-05-05T21:40:00Z,23200.0
2026-05-05T21:45:00Z,23100.0
2026-05-05T21:50:00Z,23100.0
2026-05-05T21:55:00Z,23000.0
2026-05-05T22:00:00Z,23000.0
2026-05-05T22:05:00Z,23000.0
2026-05-05T22:10:00Z,23100.0
2026-05-05T22:15:00Z,23100.0
2026-05-05T22:20:00Z,23100.0
2026-05-05T22:25:00Z,23000.0
2026-05-05T22:30:00Z,23100.0
2026-05-05T22:35:00Z,23000.0
2026-05-05T22:40:00Z,23000.0
2026-05-05T22:45:00Z,23000.0
2026-05-05T22:50:00Z,23000.0
2026-05-05T22:55:00Z,22900.0
2026-05-05T23:00:00Z,22900.0
2026-05-05T23:05:00Z,22800.0
2026-05-05T23:10:00Z,22800.0
2026-05-05T23:15:00Z,22800.0
2026-05-05T23:20:00Z,22900.0
2026-05-05T23:25:00Z,22800.0
2026-05-05T23:30:00Z,22800.0
2026-05-05T23:35:00Z,22900.0
2026-05-05T23:40:00Z,23800.0
2026-05-05T23:45:00Z,23600.0
2026-05-05T23:50:00Z,23400.0
2026-05-05T23:55:00Z,23300.0
2026-05-06T00:00:00Z,23200.0
2026-05-06T00:05:00Z,23000.0
2026-05-06T00:10:00Z,23000.0
2026-05-06T00:15:00Z,22900.0
2026-05-06T00:20:00Z,22800.0
2026-05-06T00:25:00Z,22800.0
2026-05-06T00:30:00Z,22800.0
2026-05-06T00:35:00Z,22800.0
2026-05-06T00:40:00Z,22700.0
2026-05-06T00:45:00Z,22700.0
2026-05-06T00:50:00Z,22600.0
2026-05-06T00:55:00Z,22600.0
2026-05-06T01:00:00Z,22600.0
2026-05-06T01:05:00Z,22600.0
2026-05-06T01:10:00Z,22600.0
2026-05-06T01:15:00Z,22500.0
2026-05-06T01:20:00Z,22500.0
2026-05-06T01:25:00Z,22500.0
2026-05-06T01:30:00Z,22500.0
2026-05-06T01:35:00Z,22500.0
2026-05-06T01:40:00Z,22500.0
2026-05-06T01:45:00Z,22500.0
2026-05-06T01:50:00Z,22500.0
2026-05-06T01:55:00Z,22500.0
2026-05-06T02:00:00Z,22500.0
2026-05-06T02:05:00Z,22500.0
2026-05-06T02:10:00Z,22400.0
2026-05-06T02:15:00Z,22400.0
2026-05-06T02:20:00Z,22400.0
2026-05-06T02:25:00Z,22400.0
2026-05-06T02:30:00Z,22300.0
2026-05-06T02:35:00Z,22300.0
2026-05-06T02:40:00Z,22300.0
2026-05-06T02:45:00Z,22300.0
2026-05-06T02:50:00Z,22300.0
2026-05-06T02:55:00Z,22300.0
2026-05-06T03:00:00Z,22200.0
2026-05-06T03:05:00Z,22200.0
2026-05-06T03:10:00Z,22200.0
2026-05-06T03:15:00Z,22200.0
2026-05-06T03:20:00Z,22100.0
2026-05-06T03:25:00Z,22100.0
2026-05-06T03:30:00Z,22100.0
2026-05-06T03:35:00Z,22000.0
2026-05-06T03:40:00Z,22000.0
2026-05-06T03:45:00Z,22000.0
2026-05-06T03:50:00Z,22000.0
2026-05-06T03:55:00Z,22000.0
2026-05-06T04:00:00Z,21900.0
2026-05-06T04:05:00Z,21900.0
2026-05-06T04:10:00Z,21900.0
2026-05-06T04:15:00Z,21900.0
2026-05-06T04:20:00Z,21800.0
2026-05-06T04:25:00Z,21800.0
2026-05-06T04:30:00Z,21800.0
2026-05-06T04:35:00Z,21800.0
2026-05-06T04:40:00Z,21800.0
2026-05-06T04:45:00Z,21700.0
2026-05-06T04:50:00Z,21700.0
2026-05-06T04:55:00Z,21700.0
2026-05-06T05:00:00Z,21600.0
2026-05-06T05:05:00Z,21600.0
2026-05-06T05:10:00Z,21600.0
2026-05-06T05:15:00Z,21600.0
2026-05-06T05:20:00Z,21600.0
2026-05-06T05:25:00Z,21500.0
2026-05-06T05:30:00Z,21500.0
2026-05-06T05:35:00Z,21500.0
2026-05-06T05:40:00Z,21400.0
2026-05-06T05:45:00Z,21500.0
2026-05-06T05:50:00Z,21500.0
2026-05-06T05:55:00Z,21400.0
2026-05-06T06:00:00Z,21400.0
2026-05-06T06:05:00Z,21300.0
2026-05-06T06:10:00Z,21300.0
2026-05-06T06:15:00Z,21300.0
2026-05-06T06:20:00Z,21300.0
2026-05-06T06:25:00Z,21300.0
2026-05-06T06:30:00Z,21300.0
2026-05-06T06:35:00Z,21300.0
2026-05-06T06:40:00Z,21300.0
2026-05-06T06:45:00Z,21300.0
2026-05-06T06:50:00Z,21200.0
2026-05-06T06:55:00Z,21200.0
2026-05-06T07:00:00Z,21200.0
2026-05-06T07:05:00Z,21200.0
2026-05-06T07:10:00Z,21200.0
2026-05-06T07:15:00Z,21200.0
2026-05-06T07:20:00Z,21100.0
2026-05-06T07:25:00Z,21100.0
2026-05-06T07:30:00Z,21100.0
2026-05-06T07:35:00Z,21100.0
2026-05-06T07:40:00Z,21000.0
2026-05-06T07:45:00Z,21000.0
2026-05-06T07:50:00Z,21000.0
2026-05-06T07:55:00Z,21000.0
2026-05-06T08:00:00Z,20900.0
2026-05-06T08:05:00Z,20900.0
2026-05-06T08:10:00Z,20900.0
2026-05-06T08:15:00Z,20900.0
2026-05-06T08:20:00Z,20900.0
2026-05-06T08:25:00Z,20900.0
2026-05-06T08:30:00Z,20900.0
2026-05-06T08:35:00Z,20800.0
2026-05-06T08:40:00Z,20800.0
2026-05-06T08:45:00Z,20800.0
2026-05-06T08:50:00Z,20800.0
2026-05-06T08:55:00Z,20800.0
2026-05-06T09:00:00Z,20700.0
2026-05-06T09:05:00Z,20700.0
2026-05-06T09:10:00Z,20700.0
2026-05-06T09:15:00Z,20700.0
2026-05-06T09:20:00Z,20700.0
2026-05-06T09:25:00Z,20700.0
2026-05-06T09:30:00Z,20700.0
2026-05-06T09:35:00Z,20700.0
2026-05-06T09:40:00Z,20700.0
2026-05-06T09:45:00Z,20600.0
2026-05-06T09:50:00Z,20600.0
2026-05-06T09:55:00Z,20600.0
2026-05-06T10:00:00Z,20600.0
2026-05-06T10:05:00Z,20600.0
2026-05-06T10:10:00Z,20500.0
2026-05-06T10:15:00Z,20500.0
2026-05-06T10:20:00Z,20500.0
2026-05-06T10:25:00Z,20500.0
2026-05-06T10:30:00Z,20500.0
2026-05-06T10:35:00Z,20500.0
2026-05-06T10:40:00Z,20500.0
2026-05-06T10:45:00Z,20500.0
2026-05-06T10:50:00Z,20400.0
2026-05-06T10:55:00Z,20400.0
2026-05-06T11:00:00Z,20400.0
2026-05-06T11:05:00Z,20400.0
2026-05-06T11:10:00Z,20400.0
2026-05-06T11:15:00Z,20400.0
2026-05-06T11:20:00Z,20400.0
2026-05-06T11:25:00Z,20400.0
2026-05-06T11:30:00Z,20400.0
2026-05-06T11:35:00Z,20400.0
2026-05-06T11:40:00Z,20300.0
2026-05-06T11:45:00Z,20300.0
2026-05-06T11:50:00Z,20300.0
2026-05-06T11:55:00Z,20300.0
2026-05-06T12:00:00Z,20300.0
2026-05-06T12:05:00Z,20300.0
2026-05-06T12:10:00Z,20300.0
2026-05-06T12:15:00Z,20300.0
2026-05-06T12:20:00Z,20300.0
2026-05-06T12:25:00Z,20300.0
2026-05-06T12:30:00Z,20200.0
2026-05-06T12:35:00Z,20200.0
2026-05-06T12:40:00Z,20200.0
2026-05-06T12:45:00Z,20200.0
2026-05-06T12:50:00Z,20200.0
2026-05-06T12:55:00Z,20200.0
2026-05-06T13:00:00Z,20200.0
2026-05-06T13:05:00Z,20200.0
2026-05-06T13:10:00Z,20200.0
2026-05-06T13:15:00Z,20200.0
2026-05-06T13:20:00Z,20200.0
2026-05-06T13:25:00Z,20200.0
2026-05-06T13:30:00Z,20100.0
2026-05-06T13:35:00Z,20100.0
2026-05-06T13:40:00Z,20100.0
2026-05-06T13:45:00Z,20100.0
2026-05-06T13:50:00Z,20000.0
2026-05-06T13:55:00Z,20000.0
2026-05-06T14:00:00Z,20000.0
2026-05-06T14:05:00Z,19900.0
2026-05-06T14:10:00Z,19900.0
2026-05-06T14:15:00Z,19900.0
2026-05-06T14:20:00Z,19900.0
2026-05-06T14:25:00Z,19800.0
2026-05-06T14:30:00Z,19800.0
2026-05-06T14:35:00Z,19800.0
2026-05-06T14:40:00Z,19800.0
2026-05-06T14:45:00Z,19800.0
2026-05-06T14:50:00Z,19800.0
2026-05-06T14:55:00Z,19800.0
2026-05-06T15:00:00Z,19800.0
2026-05-06T15:05:00Z,19800.0
2026-05-06T15:10:00Z,19700.0
2026-05-06T15:15:00Z,19700.0
2026-05-06T15:20:00Z,19700.0
2026-05-06T15:25:00Z,19700.0
2026-05-06T15:30:00Z,19700.0
2026-05-06T15:35:00Z,19700.0
2026-05-06T15:40:00Z,19700.0
2026-05-06T15:45:00Z,19700.0
2026-05-06T15:50:00Z,19700.0
2026-05-06T15:55:00Z,19600.0
2026-05-06T16:00:00Z,19600.0
2026-05-06T16:05:00Z,19600.0
2026-05-06T16:10:00Z,19600.0
2026-05-06T16:15:00Z,19600.0
2026-05-06T16:20:00Z,19600.0
2026-05-06T16:25:00Z,19600.0
2026-05-06T16:30:00Z,19500.0
2026-05-06T16:35:00Z,19500.0
2026-05-06T16:40:00Z,19500.0
2026-05-06T16:45:00Z,19500.0
2026-05-06T16:50:00Z,19500.0
2026-05-06T16:55:00Z,19500.0
2026-05-06T17:00:00Z,19500.0
2026-05-06T17:05:00Z,19500.0
2026-05-06T17:10:00Z,19500.0
2026-05-06T17:15:00Z,19500.0
2026-05-06T17:20:00Z,19500.0
2026-05-06T17:25:00Z,19500.0
2026-05-06T17:30:00Z,19400.0
2026-05-06T17:35:00Z,19400.0
2026-05-06T17:40:00Z,19400.0
2026-05-06T17:45:00Z,19400.0
2026-05-06T17:50:00Z,19400.0
2026-05-06T17:55:00Z,19400.0
2026-05-06T18:00:00Z,19400.0
2026-05-06T18:05:00Z,19400.0
2026-05-06T18:10:00Z,19400.0
2026-05-06T18:15:00Z,19400.0
2026-05-06T18:20:00Z,19400.0
2026-05-06T18:25:00Z,19300.0
2026-05-06T18:30:00Z,19300.0
2026-05-06T18:35:00Z,19300.0
2026-05-06T18:40:00Z,19300.0
2026-05-06T18:45:00Z,19300.0
2026-05-06T18:50:00Z,19200.0
2026-05-06T18:55:00Z,19200.0
2026-05-06T19:00:00Z,19200.0
2026-05-06T19:05:00Z,19200.0
2026-05-06T19:10:00Z,19200.0
2026-05-06T19:15:00Z,19200.0
2026-05-06T19:20:00Z,19200.0
2026-05-06T19:25:00Z,19100.0
2026-05-06T19:30:00Z,19200.0
2026-05-06T19:35:00Z,19200.0
2026-05-06T19:40:00Z,19200.0
2026-05-06T19:45:00Z,19200.0
2026-05-06T19:50:00Z,19200.0
2026-05-06T19:55:00Z,19100.0
2026-05-06T20:00:00Z,19100.0
2026-05-06T20:05:00Z,19100.0
2026-05-06T20:10:00Z,19100.0
2026-05-06T20:15:00Z,19100.0
2026-05-06T20:20:00Z,19000.0
2026-05-06T20:25:00Z,19000.0
2026-05-06T20:30:00Z,19000.0
2026-05-06T20:35:00Z,19000.0
2026-05-06T20:40:00Z,19000.0
2026-05-06T20:45:00Z,19000.0
2026-05-06T20:50:00Z,19000.0
2026-05-06T20:55:00Z,19000.0
2026-05-06T21:00:00Z,19000.0
2026-05-06T21:05:00Z,19000.0
2026-05-06T21:10:00Z,19000.0
2026-05-06T21:15:00Z,18900.0
2026-05-06T21:20:00Z,18900.0
2026-05-06T21:25:00Z,18900.0
2026-05-06T21:30:00Z,18900.0
2026-05-06T21:35:00Z,18800.0
2026-05-06T21:40:00Z,18800.0
2026-05-06T21:45:00Z,18800.0
2026-05-06T21:50:00Z,18800.0
2026-05-06T21:55:00Z,18800.0
2026-05-06T22:00:00Z,18800.0
2026-05-06T22:05:00Z,18700.0
2026-05-06T22:10:00Z,18700.0
2026-05-06T22:15:00Z,18800.0
2026-05-06T22:20:00Z,18800.0
2026-05-06T22:25:00Z,18800.0
2026-05-06T22:30:00Z,18800.0
2026-05-06T22:35:00Z,18800.0
2026-05-06T22:40:00Z,18800.0
2026-05-06T22:45:00Z,18800.0
2026-05-06T22:50:00Z,18800.0
2026-05-06T22:55:00Z,18700.0
2026-05-06T23:00:00Z,18700.0
2026-05-06T23:05:00Z,18700.0
2026-05-06T23:10:00Z,18700.0
2026-05-06T23:15:00Z,18700.0
2026-05-06T23:20:00Z,18700.0
2026-05-06T23:25:00Z,18700.0
2026-05-06T23:30:00Z,18700.0
2026-05-06T23:35:00Z,18700.0
2026-05-06T23:40:00Z,18700.0
2026-05-06T23:45:00Z,18700.0
2026-05-06T23:50:00Z,18700.0
2026-05-06T23:55:00Z,18700.0
2026-05-07T00:00:00Z,18700.0
2026-05-07T00:05:00Z,18700.0
2026-05-07T00:10:00Z,18700.0
2026-05-07T00:15:00Z,18600.0
2026-05-07T00:20:00Z,18600.0
2026-05-07T00:25:00Z,18600.0
2026-05-07T00:30:00Z,18600.0
2026-05-07T00:35:00Z,18600.0
2026-05-07T00:40:00Z,18500.0
2026-05-07T00:45:00Z,18500.0
2026-05-07T00:50:00Z,18500.0
2026-05-07T00:55:00Z,18500.0
2026-05-07T01:00:00Z,18500.0
2026-05-07T01:05:00Z,18500.0
2026-05-07T01:10:00Z,18500.0
2026-05-07T01:15:00Z,18500.0
2026-05-07T01:20:00Z,18500.0
2026-05-07T01:25:00Z,18500.0
2026-05-07T01:30:00Z,18500.0
2026-05-07T01:35:00Z,18500.0
2026-05-07T01:40:00Z,18400.0
2026-05-07T01:45:00Z,18400.0
2026-05-07T01:50:00Z,18400.0
2026-05-07T01:55:00Z,18400.0
2026-05-07T02:00:00Z,18400.0
2026-05-07T02:05:00Z,18400.0
2026-05-07T02:10:00Z,18400.0
2026-05-07T02:15:00Z,18500.0
2026-05-07T02:20:00Z,18400.0
2026-05-07T02:25:00Z,18400.0
2026-05-07T02:30:00Z,18400.0
2026-05-07T02:35:00Z,18400.0
2026-05-07T02:40:00Z,18400.0
2026-05-07T02:45:00Z,18400.0
2026-05-07T02:50:00Z,18300.0
2026-05-07T02:55:00Z,18300.0
2026-05-07T03:00:00Z,18200.0
2026-05-07T03:05:00Z,18200.0
2026-05-07T03:10:00Z,18200.0
2026-05-07T03:15:00Z,18200.0
2026-05-07T03:20:00Z,18100.0
2026-05-07T03:25:00Z,18100.0
2026-05-07T03:30:00Z,18100.0
2026-05-07T03:35:00Z,18100.0
2026-05-07T03:40:00Z,18000.0
2026-05-07T03:45:00Z,18000.0
2026-05-07T03:50:00Z,18000.0
2026-05-07T03:55:00Z,18000.0
2026-05-07T04:00:00Z,18000.0
2026-05-07T04:05:00Z,18100.0
2026-05-07T04:10:00Z,18100.0
2026-05-07T04:15:00Z,18100.0
2026-05-07T04:20:00Z,18100.0
2026-05-07T04:25:00Z,18100.0
2026-05-07T04:30:00Z,18000.0
2026-05-07T04:35:00Z,18000.0
2026-05-07T04:40:00Z,18000.0
2026-05-07T04:45:00Z,18000.0
2026-05-07T04:50:00Z,18000.0
2026-05-07T04:55:00Z,18100.0
2026-05-07T05:00:00Z,18100.0
2026-05-07T05:05:00Z,18100.0
2026-05-07T05:10:00Z,18100.0
2026-05-07T05:15:00Z,18000.0
2026-05-07T05:20:00Z,18000.0
2026-05-07T05:25:00Z,18000.0
2026-05-07T05:30:00Z,18000.0
2026-05-07T05:35:00Z,18000.0
2026-05-07T05:40:00Z,18000.0
2026-05-07T05:45:00Z,18000.0
2026-05-07T05:50:00Z,17900.0
2026-05-07T05:55:00Z,17900.0
2026-05-07T06:00:00Z,17900.0
2026-05-07T06:05:00Z,17900.0
2026-05-07T06:10:00Z,18000.0
2026-05-07T06:15:00Z,18000.0
2026-05-07T06:20:00Z,17900.0
2026-05-07T06:25:00Z,17900.0
2026-05-07T06:30:00Z,18000.0
2026-05-07T06:35:00Z,18000.0
2026-05-07T06:40:00Z,18000.0
2026-05-07T06:45:00Z,18000.0
2026-05-07T06:50:00Z,18000.0
2026-05-07T06:55:00Z,18000.0
2026-05-07T07:00:00Z,18000.0
2026-05-07T07:05:00Z,18000.0
2026-05-07T07:10:00Z,17900.0
2026-05-07T07:15:00Z,17900.0
2026-05-07T07:20:00Z,17900.0
2026-05-07T07:25:00Z,17900.0
2026-05-07T07:30:00Z,17900.0
2026-05-07T07:35:00Z,17900.0
2026-05-07T07:40:00Z,17900.0
2026-05-07T07:45:00Z,17900.0
2026-05-07T07:50:00Z,17800.0
2026-05-07T07:55:00Z,17800.0
2026-05-07T08:00:00Z,17800.0
2026-05-07T08:05:00Z,17900.0
2026-05-07T08:10:00Z,17900.0
2026-05-07T08:15:00Z,17900.0
2026-05-07T08:20:00Z,17900.0
2026-05-07T08:25:00Z,17900.0
2026-05-07T08:30:00Z,17800.0
2026-05-07T08:35:00Z,17800.0
2026-05-07T08:40:00Z,17800.0
2026-05-07T08:45:00Z,17800.0
2026-05-07T08:50:00Z,17800.0
2026-05-07T08:55:00Z,17800.0
2026-05-07T09:00:00Z,17700.0
2026-05-07T09:05:00Z,17700.0
2026-05-07T09:10:00Z,17700.0
2026-05-07T09:15:00Z,17700.0
2026-05-07T09:20:00Z,17700.0
2026-05-07T09:25:00Z,17700.0
2026-05-07T09:30:00Z,17700.0
2026-05-07T09:35:00Z,17700.0
2026-05-07T09:40:00Z,17700.0
2026-05-07T09:45:00Z,17700.0
2026-05-07T09:50:00Z,17700.0
2026-05-07T09:55:00Z,17700.0
2026-05-07T10:00:00Z,17700.0
2026-05-07T10:05:00Z,17700.0
2026-05-07T10:10:00Z,17700.0
2026-05-07T10:15:00Z,17600.0
2026-05-07T10:20:00Z,17600.0
2026-05-07T10:25:00Z,17600.0
2026-05-07T10:30:00Z,17500.0
2026-05-07T10:35:00Z,17400.0
2026-05-07T10:40:00Z,17300.0
2026-05-07T10:45:00Z,17300.0
2026-05-07T10:50:00Z,17200.0
2026-05-07T10:55:00Z,17200.0
2026-05-07T11:00:00Z,17200.0
2026-05-07T11:05:00Z,17100.0
2026-05-07T11:10:00Z,17100.0
2026-05-07T11:15:00Z,17100.0
2026-05-07T11:20:00Z,17200.0
2026-05-07T11:25:00Z,17200.0
2026-05-07T11:30:00Z,17200.0
2026-05-07T11:35:00Z,17200.0
2026-05-07T11:40:00Z,17300.0
2026-05-07T11:45:00Z,17300.0
2026-05-07T11:50:00Z,17300.0
2026-05-07T11:55:00Z,17400.0
2026-05-07T12:00:00Z,17400.0
2026-05-07T12:05:00Z,17400.0
2026-05-07T12:10:00Z,17500.0
2026-05-07T12:15:00Z,17500.0
2026-05-07T12:20:00Z,17400.0
2026-05-07T12:25:00Z,17500.0
2026-05-07T12:30:00Z,17500.0
2026-05-07T12:35:00Z,17500.0
2026-05-07T12:40:00Z,17500.0
2026-05-07T12:45:00Z,17500.0
2026-05-07T12:50:00Z,17500.0
2026-05-07T12:55:00Z,17500.0
2026-05-07T13:00:00Z,17500.0
2026-05-07T13:05:00Z,17500.0
2026-05-07T13:10:00Z,17400.0
2026-05-07T13:15:00Z,17100.0
2026-05-07T13:20:00Z,16400.0
2026-05-07T13:25:00Z,16200.0
2026-05-07T13:30:00Z,15700.0
2026-05-07T13:35:00Z,15800.0
2026-05-07T13:40:00Z,16500.0
2026-05-07T13:45:00Z,17200.0
2026-05-07T13:50:00Z,17900.0
2026-05-07T13:55:00Z,18100.0
2026-05-07T14:00:00Z,18300.0
2026-05-07T14:05:00Z,18400.0
2026-05-07T14:10:00Z,18400.0
2026-05-07T14:15:00Z,18300.0
2026-05-07T14:20:00Z,18100.0
2026-05-07T14:25:00Z,18000.0
2026-05-07T14:30:00Z,17800.0
2026-05-07T14:35:00Z,17700.0
2026-05-07T14:40:00Z,17600.0
2026-05-07T14:45:00Z,17500.0
2026-05-07T14:50:00Z,17400.0
2026-05-07T14:55:00Z,17400.0
2026-05-07T15:00:00Z,17300.0
2026-05-07T15:05:00Z,17300.0
2026-05-07T15:10:00Z,17300.0
2026-05-07T15:15:00Z,17300.0
2026-05-07T15:20:00Z,17300.0
2026-05-07T15:25:00Z,17200.0
2026-05-07T15:30:00Z,17200.0
2026-05-07T15:35:00Z,17200.0
2026-05-07T15:40:00Z,17200.0
2026-05-07T15:45:00Z,17200.0
2026-05-07T15:50:00Z,17200.0
2026-05-07T15:55:00Z,17200.0
2026-05-07T16:00:00Z,17200.0
2026-05-07T16:05:00Z,17100.0
2026-05-07T16:10:00Z,17100.0
2026-05-07T16:15:00Z,17200.0
2026-05-07T16:20:00Z,17100.0
2026-05-07T16:25:00Z,17100.0
2026-05-07T16:30:00Z,17100.0
2026-05-07T16:35:00Z,17100.0
2026-05-07T16:40:00Z,17100.0
2026-05-07T16:45:00Z,17100.0
2026-05-07T16:50:00Z,17100.0
2026-05-07T16:55:00Z,17100.0
2026-05-07T17:00:00Z,17100.0
2026-05-07T17:05:00Z,17100.0
2026-05-07T17:10:00Z,17100.0
2026-05-07T17:15:00Z,17100.0
2026-05-07T17:20:00Z,17000.0
2026-05-07T17:25:00Z,17000.0
2026-05-07T17:30:00Z,17000.0
2026-05-07T17:35:00Z,17000.0
2026-05-07T17:40:00Z,17000.0
2026-05-07T17:45:00Z,17000.0
2026-05-07T17:50:00Z,17000.0
2026-05-07T17:55:00Z,17000.0
2026-05-07T18:00:00Z,17000.0
2026-05-07T18:05:00Z,17000.0
2026-05-07T18:10:00Z,17000.0
2026-05-07T18:15:00Z,17000.0
2026-05-07T18:20:00Z,16900.0
2026-05-07T18:25:00Z,16900.0
2026-05-07T18:30:00Z,16900.0
2026-05-07T18:35:00Z,16900.0
2026-05-07T18:40:00Z,16900.0
2026-05-07T18:45:00Z,16900.0
2026-05-07T18:50:00Z,16900.0
2026-05-07T18:55:00Z,16900.0
2026-05-07T19:00:00Z,16900.0
2026-05-07T19:05:00Z,16900.0
2026-05-07T19:10:00Z,16900.0
2026-05-07T19:15:00Z,16900.0
2026-05-07T19:20:00Z,16900.0
2026-05-07T19:25:00Z,16900.0
2026-05-07T19:30:00Z,16900.0
2026-05-07T19:35:00Z,16800.0
2026-05-07T19:40:00Z,16800.0
2026-05-07T19:45:00Z,16800.0
2026-05-07T19:50:00Z,16800.0
2026-05-07T19:55:00Z,16800.0
2026-05-07T20:00:00Z,16800.0
2026-05-07T20:05:00Z,16800.0
2026-05-07T20:10:00Z,16800.0
2026-05-07T20:15:00Z,16800.0
2026-05-07T20:20:00Z,16800.0
2026-05-07T20:25:00Z,16800.0
2026-05-07T20:30:00Z,16800.0
2026-05-07T20:35:00Z,16800.0
2026-05-07T20:40:00Z,16800.0
2026-05-07T20:45:00Z,16800.0
2026-05-07T20:50:00Z,16800.0
2026-05-07T20:55:00Z,16800.0
2026-05-07T21:00:00Z,16700.0
2026-05-07T21:05:00Z,16700.0
2026-05-07T21:10:00Z,16700.0
2026-05-07T21:15:00Z,16700.0
2026-05-07T21:20:00Z,16700.0
2026-05-07T21:25:00Z,16600.0
2026-05-07T21:30:00Z,16600.0
2026-05-07T21:35:00Z,16600.0
2026-05-07T21:40:00Z,16600.0
2026-05-07T21:45:00Z,16600.0
2026-05-07T21:50:00Z,16600.0
2026-05-07T21:55:00Z,16600.0
2026-05-07T22:00:00Z,16600.0
2026-05-07T22:05:00Z,16600.0
2026-05-07T22:10:00Z,16600.0
2026-05-07T22:15:00Z,16600.0
2026-05-07T22:20:00Z,16600.0
2026-05-07T22:25:00Z,16700.0
2026-05-07T22:30:00Z,16700.0
2026-05-07T22:35:00Z,16700.0
2026-05-07T22:40:00Z,16700.0
2026-05-07T22:45:00Z,16800.0
2026-05-07T22:50:00Z,16800.0
2026-05-07T22:55:00Z,16900.0
2026-05-07T23:00:00Z,16900.0
2026-05-07T23:05:00Z,16900.0
2026-05-07T23:10:00Z,17000.0
2026-05-07T23:15:00Z,17000.0
2026-05-07T23:20:00Z,17000.0
2026-05-07T23:25:00Z,17000.0
2026-05-07T23:30:00Z,17000.0
2026-05-07T23:35:00Z,17000.0
2026-05-07T23:40:00Z,17000.0
2026-05-07T23:45:00Z,17000.0
2026-05-07T23:50:00Z,17000.0
2026-05-07T23:55:00Z,17000.0
2026-05-08T00:00:00Z,17000.0
2026-05-08T00:05:00Z,17100.0
2026-05-08T00:10:00Z,17100.0
2026-05-08T00:15:00Z,17100.0
2026-05-08T00:20:00Z,17200.0
2026-05-08T00:25:00Z,17200.0
2026-05-08T00:30:00Z,17300.0
2026-05-08T00:35:00Z,17300.0
2026-05-08T00:40:00Z,17400.0
2026-05-08T00:45:00Z,17400.0
2026-05-08T00:50:00Z,17400.0
2026-05-08T00:55:00Z,17500.0
2026-05-08T01:00:00Z,17500.0
2026-05-08T01:05:00Z,17600.0
2026-05-08T01:10:00Z,17600.0
2026-05-08T01:15:00Z,17600.0
2026-05-08T01:20:00Z,17700.0
2026-05-08T01:25:00Z,17700.0
2026-05-08T01:30:00Z,17700.0
2026-05-08T01:35:00Z,17700.0
2026-05-08T01:40:00Z,17700.0
2026-05-08T01:45:00Z,17800.0
2026-05-08T01:50:00Z,17800.0
2026-05-08T01:55:00Z,17800.0
2026-05-08T02:00:00Z,17800.0
2026-05-08T02:05:00Z,17800.0
2026-05-08T02:10:00Z,17800.0
2026-05-08T02:15:00Z,17800.0
2026-05-08T02:20:00Z,17800.0
2026-05-08T02:25:00Z,17800.0
2026-05-08T02:30:00Z,17800.0
2026-05-08T02:35:00Z,17800.0
2026-05-08T02:40:00Z,17800.0
2026-05-08T02:45:00Z,17800.0
2026-05-08T02:50:00Z,17800.0
2026-05-08T02:55:00Z,17800.0
2026-05-08T03:00:00Z,17800.0
2026-05-08T03:05:00Z,17800.0
2026-05-08T03:10:00Z,17800.0
2026-05-08T03:15:00Z,17900.0
2026-05-08T03:20:00Z,17900.0
2026-05-08T03:25:00Z,17900.0
2026-05-08T03:30:00Z,17900.0
2026-05-08T03:35:00Z,17900.0
2026-05-08T03:40:00Z,18000.0
2026-05-08T03:45:00Z,18000.0
2026-05-08T03:50:00Z,18000.0
2026-05-08T03:55:00Z,18100.0
2026-05-08T04:00:00Z,18100.0
2026-05-08T04:05:00Z,18100.0
2026-05-08T04:10:00Z,18200.0
2026-05-08T04:15:00Z,18200.0
2026-05-08T04:20:00Z,18200.0
2026-05-08T04:25:00Z,18300.0
2026-05-08T04:30:00Z,18300.0
2026-05-08T04:35:00Z,18400.0
2026-05-08T04:40:00Z,18400.0
2026-05-08T04:45:00Z,18400.0
2026-05-08T04:50:00Z,18400.0
2026-05-08T04:55:00Z,18400.0
2026-05-08T05:00:00Z,18400.0
2026-05-08T05:05:00Z,18500.0
2026-05-08T05:10:00Z,18500.0
2026-05-08T05:15:00Z,18500.0
2026-05-08T05:20:00Z,18500.0
2026-05-08T05:25:00Z,18500.0
2026-05-08T05:30:00Z,18500.0
2026-05-08T05:35:00Z,18500.0
2026-05-08T05:40:00Z,18500.0
2026-05-08T05:45:00Z,18500.0
2026-05-08T05:50:00Z,18500.0
2026-05-08T05:55:00Z,18500.0
2026-05-08T06:00:00Z,18500.0
2026-05-08T06:05:00Z,18500.0
2026-05-08T06:10:00Z,18500.0
2026-05-08T06:15:00Z,18500.0
2026-05-08T06:20:00Z,18500.0
2026-05-08T06:25:00Z,18500.0
2026-05-08T06:30:00Z,18500.0
2026-05-08T06:35:00Z,18500.0
2026-05-08T06:40:00Z,18500.0
2026-05-08T06:45:00Z,18500.0
2026-05-08T06:50:00Z,18500.0
2026-05-08T06:55:00Z,18500.0
2026-05-08T07:00:00Z,18600.0
2026-05-08T07:05:00Z,18600.0
2026-05-08T07:10:00Z,18600.0
2026-05-08T07:15:00Z,18600.0
2026-05-08T07:20:00Z,18600.0
2026-05-08T07:25:00Z,18600.0
2026-05-08T07:30:00Z,18600.0
2026-05-08T07:35:00Z,18500.0
2026-05-08T07:40:00Z,18500.0
2026-05-08T07:45:00Z,18500.0
2026-05-08T07:50:00Z,18400.0
2026-05-08T07:55:00Z,18400.0
2026-05-08T08:00:00Z,18300.0
2026-05-08T08:05:00Z,18300.0
2026-05-08T08:10:00Z,18200.0
2026-05-08T08:15:00Z,18200.0
2026-05-08T08:20:00Z,18200.0
2026-05-08T08:25:00Z,18200.0
2026-05-08T08:30:00Z,18100.0
2026-05-08T08:35:00Z,18100.0
2026-05-08T08:40:00Z,18100.0
2026-05-08T08:45:00Z,18000.0
2026-05-08T08:50:00Z,18000.0
2026-05-08T08:55:00Z,17900.0
2026-05-08T09:00:00Z,17900.0
2026-05-08T09:05:00Z,17800.0
2026-05-08T09:10:00Z,17800.0
2026-05-08T09:15:00Z,17800.0
2026-05-08T09:20:00Z,17800.0
2026-05-08T09:25:00Z,17700.0
2026-05-08T09:30:00Z,17700.0
2026-05-08T09:35:00Z,17700.0
2026-05-08T09:40:00Z,17700.0
2026-05-08T09:45:00Z,17600.0
2026-05-08T09:50:00Z,17600.0
2026-05-08T09:55:00Z,17600.0
2026-05-08T10:00:00Z,17600.0
2026-05-08T10:05:00Z,17600.0
2026-05-08T10:10:00Z,17600.0
2026-05-08T10:15:00Z,17600.0
2026-05-08T10:20:00Z,17600.0
2026-05-08T10:25:00Z,17500.0
2026-05-08T10:30:00Z,17500.0
2026-05-08T10:35:00Z,17500.0
2026-05-08T10:40:00Z,17500.0
2026-05-08T10:45:00Z,17500.0
2026-05-08T10:50:00Z,17500.0
2026-05-08T10:55:00Z,17400.0
2026-05-08T11:00:00Z,17400.0
2026-05-08T11:05:00Z,17400.0
2026-05-08T11:10:00Z,17400.0
2026-05-08T11:15:00Z,17400.0
2026-05-08T11:20:00Z,17400.0
2026-05-08T11:25:00Z,17400.0
2026-05-08T11:30:00Z,17400.0
2026-05-08T11:35:00Z,17400.0
2026-05-08T11:40:00Z,17300.0
2026-05-08T11:45:00Z,17300.0
2026-05-08T11:50:00Z,17300.0
2026-05-08T11:55:00Z,17300.0
2026-05-08T12:00:00Z,17400.0
2026-05-08T12:05:00Z,17400.0
2026-05-08T12:10:00Z,17400.0
2026-05-08T12:15:00Z,17400.0
2026-05-08T12:20:00Z,17300.0
2026-05-08T12:25:00Z,17300.0
2026-05-08T12:30:00Z,17300.0
2026-05-08T12:35:00Z,17300.0
2026-05-08T12:40:00Z,17200.0
2026-05-08T12:45:00Z,17200.0
2026-05-08T12:50:00Z,17200.0
2026-05-08T12:55:00Z,17200.0
2026-05-08T13:00:00Z,17200.0
2026-05-08T13:05:00Z,17200.0
2026-05-08T13:10:00Z,17200.0
2026-05-08T13:15:00Z,17200.0
2026-05-08T13:20:00Z,17200.0
2026-05-08T13:25:00Z,17200.0
2026-05-08T13:30:00Z,17200.0
2026-05-08T13:35:00Z,17200.0
2026-05-08T13:40:00Z,17200.0
2026-05-08T13:45:00Z,17200.0
2026-05-08T13:50:00Z,17100.0
2026-05-08T13:55:00Z,17100.0
2026-05-08T14:00:00Z,17100.0
2026-05-08T14:05:00Z,17100.0
2026-05-08T14:10:00Z,17100.0
2026-05-08T14:15:00Z,17100.0
2026-05-08T14:20:00Z,17100.0
2026-05-08T14:25:00Z,17100.0
2026-05-08T14:30:00Z,17100.0
2026-05-08T14:35:00Z,17100.0
2026-05-08T14:40:00Z,17100.0
2026-05-08T14:45:00Z,17100.0
2026-05-08T14:50:00Z,17100.0
2026-05-08T14:55:00Z,17100.0
2026-05-08T15:00:00Z,17100.0
2026-05-08T15:05:00Z,17100.0
2026-05-08T15:10:00Z,17100.0
2026-05-08T15:15:00Z,17100.0
2026-05-08T15:20:00Z,17000.0
2026-05-08T15:25:00Z,17000.0
2026-05-08T15:30:00Z,17000.0
2026-05-08T15:35:00Z,17000.0
2026-05-08T15:40:00Z,17000.0
2026-05-08T15:45:00Z,17000.0
2026-05-08T15:50:00Z,17000.0
2026-05-08T15:55:00Z,17000.0
2026-05-08T16:00:00Z,17000.0
2026-05-08T16:05:00Z,17000.0
2026-05-08T16:10:00Z,17000.0
2026-05-08T16:15:00Z,17000.0
2026-05-08T16:20:00Z,16900.0
2026-05-08T16:25:00Z,16900.0
2026-05-08T16:30:00Z,16900.0
2026-05-08T16:35:00Z,16900.0
2026-05-08T16:40:00Z,16900.0
2026-05-08T16:45:00Z,16900.0
2026-05-08T16:50:00Z,16800.0
2026-05-08T16:55:00Z,16800.0
2026-05-08T17:00:00Z,16800.0
2026-05-08T17:05:00Z,16800.0
2026-05-08T17:10:00Z,16800.0
2026-05-08T17:15:00Z,16800.0
2026-05-08T17:20:00Z,16800.0
2026-05-08T17:25:00Z,16800.0
2026-05-08T17:30:00Z,16800.0
2026-05-08T17:35:00Z,16800.0
2026-05-08T17:40:00Z,16800.0
2026-05-08T17:45:00Z,16800.0
2026-05-08T17:50:00Z,16700.0
2026-05-08T17:55:00Z,16700.0
2026-05-08T18:00:00Z,16700.0
2026-05-08T18:05:00Z,16700.0
2026-05-08T18:10:00Z,16700.0
2026-05-08T18:15:00Z,16600.0
2026-05-08T18:20:00Z,16600.0
2026-05-08T18:25:00Z,16600.0
2026-05-08T18:30:00Z,16600.0
2026-05-08T18:35:00Z,16600.0
2026-05-08T18:40:00Z,16600.0
2026-05-08T18:45:00Z,16600.0
2026-05-08T18:50:00Z,16600.0
2026-05-08T18:55:00Z,16600.0
2026-05-08T19:00:00Z,16600.0
2026-05-08T19:05:00Z,16600.0
2026-05-08T19:10:00Z,16600.0
2026-05-08T19:15:00Z,16600.0
2026-05-08T19:20:00Z,16500.0
2026-05-08T19:25:00Z,16500.0
2026-05-08T19:30:00Z,16500.0
2026-05-08T19:35:00Z,16500.0
2026-05-08T19:40:00Z,16500.0
2026-05-08T19:45:00Z,16500.0
2026-05-08T19:50:00Z,16500.0
2026-05-08T19:55:00Z,16500.0
2026-05-08T20:00:00Z,16500.0
2026-05-08T20:05:00Z,16500.0
2026-05-08T20:10:00Z,16500.0
2026-05-08T20:15:00Z,16500.0
2026-05-08T20:20:00Z,16500.0
2026-05-08T20:25:00Z,16500.0
2026-05-08T20:30:00Z,16500.0
2026-05-08T20:35:00Z,16500.0
2026-05-08T20:40:00Z,16500.0
2026-05-08T20:45:00Z,16500.0
2026-05-08T20:50:00Z,16400.0
2026-05-08T20:55:00Z,16400.0
2026-05-08T21:00:00Z,16500.0
2026-05-08T21:05:00Z,16400.0
2026-05-08T21:10:00Z,16400.0
2026-05-08T21:15:00Z,16400.0
2026-05-08T21:20:00Z,16400.0
2026-05-08T21:25:00Z,16300.0
2026-05-08T21:30:00Z,16300.0
2026-05-08T21:35:00Z,16300.0
2026-05-08T21:40:00Z,16300.0
2026-05-08T21:45:00Z,16300.0
2026-05-08T21:50:00Z,16300.0
2026-05-08T21:55:00Z,16300.0
2026-05-08T22:00:00Z,16300.0
2026-05-08T22:05:00Z,16200.0
2026-05-08T22:10:00Z,16200.0
2026-05-08T22:15:00Z,16200.0
2026-05-08T22:20:00Z,16200.0
2026-05-08T22:25:00Z,16200.0
2026-05-08T22:30:00Z,16200.0
2026-05-08T22:35:00Z,16200.0
2026-05-08T22:40:00Z,16200.0
2026-05-08T22:45:00Z,16200.0
2026-05-08T22:50:00Z,16100.0
2026-05-08T22:55:00Z,16100.0
2026-05-08T23:00:00Z,16100.0
2026-05-08T23:05:00Z,16100.0
2026-05-08T23:10:00Z,16100.0
2026-05-08T23:15:00Z,16100.0
2026-05-08T23:20:00Z,16100.0
2026-05-08T23:25:00Z,16100.0
2026-05-08T23:30:00Z,16100.0
2026-05-08T23:35:00Z,16200.0
2026-05-08T23:40:00Z,16200.0
2026-05-08T23:45:00Z,16200.0
2026-05-08T23:50:00Z,16200.0
2026-05-08T23:55:00Z,16200.0
2026-05-09T00:00:00Z,16200.0
2026-05-09T00:05:00Z,16200.0
2026-05-09T00:10:00Z,16200.0
2026-05-09T00:15:00Z,16200.0
2026-05-09T00:20:00Z,16200.0
2026-05-09T00:25:00Z,16200.0
2026-05-09T00:30:00Z,16200.0
2026-05-09T00:35:00Z,16200.0
2026-05-09T00:40:00Z,16100.0
2026-05-09T00:45:00Z,16100.0
2026-05-09T00:50:00Z,16100.0
2026-05-09T00:55:00Z,16100.0
2026-05-09T01:00:00Z,16100.0
2026-05-09T01:05:00Z,16100.0
2026-05-09T01:10:00Z,16100.0
2026-05-09T01:15:00Z,16100.0
2026-05-09T01:20:00Z,16100.0
2026-05-09T01:25:00Z,16100.0
2026-05-09T01:30:00Z,16100.0
2026-05-09T01:35:00Z,16100.0
2026-05-09T01:40:00Z,16000.0
2026-05-09T01:45:00Z,16000.0
2026-05-09T01:50:00Z,16000.0
2026-05-09T01:55:00Z,16000.0
2026-05-09T02:00:00Z,16000.0
2026-05-09T02:05:00Z,16000.0
2026-05-09T02:10:00Z,16000.0
2026-05-09T02:15:00Z,16000.0
2026-05-09T02:20:00Z,16000.0
2026-05-09T02:25:00Z,16000.0
2026-05-09T02:30:00Z,16000.0
2026-05-09T02:35:00Z,16000.0
2026-05-09T02:40:00Z,16000.0
2026-05-09T02:45:00Z,16000.0
2026-05-09T02:50:00Z,16000.0
2026-05-09T02:55:00Z,16000.0
2026-05-09T03:00:00Z,16000.0
2026-05-09T03:05:00Z,16000.0
2026-05-09T03:10:00Z,16000.0
2026-05-09T03:15:00Z,16000.0
2026-05-09T03:20:00Z,16000.0
2026-05-09T03:25:00Z,16000.0
2026-05-09T03:30:00Z,16000.0
2026-05-09T03:35:00Z,15900.0
2026-05-09T03:40:00Z,15900.0
2026-05-09T03:45:00Z,15900.0
2026-05-09T03:50:00Z,15900.0
2026-05-09T03:55:00Z,15900.0
2026-05-09T04:00:00Z,15800.0
2026-05-09T04:05:00Z,15800.0
2026-05-09T04:10:00Z,15800.0
2026-05-09T04:15:00Z,15800.0
2026-05-09T04:20:00Z,15800.0
2026-05-09T04:25:00Z,15800.0
2026-05-09T04:30:00Z,15800.0
2026-05-09T04:35:00Z,15800.0
2026-05-09T04:40:00Z,15800.0
2026-05-09T04:45:00Z,15800.0
2026-05-09T04:50:00Z,15800.0
2026-05-09T04:55:00Z,15800.0
2026-05-09T05:00:00Z,15800.0
2026-05-09T05:05:00Z,15900.0
2026-05-09T05:10:00Z,15900.0
2026-05-09T05:15:00Z,15800.0
2026-05-09T05:20:00Z,15800.0
2026-05-09T05:25:00Z,15800.0
2026-05-09T05:30:00Z,15800.0
2026-05-09T05:35:00Z,15800.0
2026-05-09T05:40:00Z,15800.0
2026-05-09T05:45:00Z,15800.0
2026-05-09T05:50:00Z,15900.0
2026-05-09T05:55:00Z,15900.0
2026-05-09T06:00:00Z,15900.0
2026-05-09T06:05:00Z,15900.0
2026-05-09T06:10:00Z,15900.0
2026-05-09T06:15:00Z,15900.0
2026-05-09T06:20:00Z,15900.0
2026-05-09T06:25:00Z,15900.0
2026-05-09T06:30:00Z,15900.0
2026-05-09T06:35:00Z,15900.0
2026-05-09T06:40:00Z,15900.0
2026-05-09T06:45:00Z,15900.0
2026-05-09T06:50:00Z,15900.0
2026-05-09T06:55:00Z,15900.0
2026-05-09T07:00:00Z,16000.0
2026-05-09T07:05:00Z,16000.0
2026-05-09T07:10:00Z,16000.0
2026-05-09T07:15:00Z,16000.0
2026-05-09T07:20:00Z,16000.0
2026-05-09T07:25:00Z,16000.0
2026-05-09T07:30:00Z,15900.0
2026-05-09T07:35:00Z,15900.0
2026-05-09T07:40:00Z,15900.0
2026-05-09T07:45:00Z,15900.0
2026-05-09T07:50:00Z,15900.0
2026-05-09T07:55:00Z,15900.0
2026-05-09T08:00:00Z,15900.0
2026-05-09T08:05:00Z,15900.0
2026-05-09T08:10:00Z,15800.0
2026-05-09T08:15:00Z,15800.0
2026-05-09T08:20:00Z,15800.0
2026-05-09T08:25:00Z,15800.0
2026-05-09T08:30:00Z,15800.0
2026-05-09T08:35:00Z,15800.0
2026-05-09T08:40:00Z,15800.0
2026-05-09T08:45:00Z,15800.0
2026-05-09T08:50:00Z,15800.0
2026-05-09T08:55:00Z,15800.0
2026-05-09T09:00:00Z,15800.0
2026-05-09T09:05:00Z,15800.0
2026-05-09T09:10:00Z,15800.0
2026-05-09T09:15:00Z,15800.0
2026-05-09T09:20:00Z,15800.0
2026-05-09T09:25:00Z,15800.0
2026-05-09T09:30:00Z,15800.0
2026-05-09T09:35:00Z,15800.0
2026-05-09T09:40:00Z,15800.0
2026-05-09T09:45:00Z,15800.0
2026-05-09T09:50:00Z,15800.0
2026-05-09T09:55:00Z,15800.0
2026-05-09T10:00:00Z,15800.0
2026-05-09T10:05:00Z,15800.0
2026-05-09T10:10:00Z,15800.0
2026-05-09T10:15:00Z,15800.0
2026-05-09T10:20:00Z,15800.0
2026-05-09T10:25:00Z,15800.0
2026-05-09T10:30:00Z,15800.0
2026-05-09T10:35:00Z,15800.0
2026-05-09T10:40:00Z,15800.0
2026-05-09T10:45:00Z,15800.0
2026-05-09T10:50:00Z,15800.0
2026-05-09T10:55:00Z,15800.0
2026-05-09T11:00:00Z,15800.0
2026-05-09T11:05:00Z,15900.0
2026-05-09T11:10:00Z,15900.0
2026-05-09T11:15:00Z,15800.0
2026-05-09T11:20:00Z,15800.0
2026-05-09T11:25:00Z,15800.0
2026-05-09T11:30:00Z,15800.0
2026-05-09T11:35:00Z,15700.0
2026-05-09T11:40:00Z,15700.0
2026-05-09T11:45:00Z,15700.0
2026-05-09T11:50:00Z,15700.0
2026-05-09T11:55:00Z,15700.0
2026-05-09T12:00:00Z,15700.0
2026-05-09T12:05:00Z,15700.0
2026-05-09T12:10:00Z,15700.0
2026-05-09T12:15:00Z,15700.0
2026-05-09T12:20:00Z,15700.0
2026-05-09T12:25:00Z,15600.0
2026-05-09T12:30:00Z,15700.0
2026-05-09T12:35:00Z,15700.0
2026-05-09T12:40:00Z,15700.0
2026-05-09T12:45:00Z,15700.0
2026-05-09T12:50:00Z,15700.0
2026-05-09T12:55:00Z,15700.0
2026-05-09T13:00:00Z,15700.0
2026-05-09T13:05:00Z,15700.0
2026-05-09T13:10:00Z,15700.0
2026-05-09T13:15:00Z,15700.0
2026-05-09T13:20:00Z,15700.0
2026-05-09T13:25:00Z,15700.0
2026-05-09T13:30:00Z,15700.0
2026-05-09T13:35:00Z,15600.0
2026-05-09T13:40:00Z,15600.0
2026-05-09T13:45:00Z,15600.0
2026-05-09T13:50:00Z,15600.0
2026-05-09T13:55:00Z,15600.0
2026-05-09T14:00:00Z,15600.0
2026-05-09T14:05:00Z,15600.0
2026-05-09T14:10:00Z,15700.0
2026-05-09T14:15:00Z,15700.0
2026-05-09T14:20:00Z,15700.0
2026-05-09T14:25:00Z,15700.0
2026-05-09T14:30:00Z,15700.0
2026-05-09T14:35:00Z,15700.0
2026-05-09T14:40:00Z,15600.0
2026-05-09T14:45:00Z,15600.0
2026-05-09T14:50:00Z,15600.0
2026-05-09T14:55:00Z,15600.0
2026-05-09T15:00:00Z,15600.0
2026-05-09T15:05:00Z,15500.0
2026-05-09T15:10:00Z,15500.0
2026-05-09T15:15:00Z,15500.0
2026-05-09T15:20:00Z,15500.0
2026-05-09T15:25:00Z,15500.0
2026-05-09T15:30:00Z,15500.0
2026-05-09T15:35:00Z,15500.0
2026-05-09T15:40:00Z,15500.0
2026-05-09T15:45:00Z,15500.0
2026-05-09T15:50:00Z,15500.0
2026-05-09T15:55:00Z,15500.0
2026-05-09T16:00:00Z,15500.0
2026-05-09T16:05:00Z,15500.0
2026-05-09T16:10:00Z,15500.0
2026-05-09T16:15:00Z,15500.0
2026-05-09T16:20:00Z,15500.0
2026-05-09T16:25:00Z,15400.0
2026-05-09T16:30:00Z,15400.0
2026-05-09T16:35:00Z,15400.0
2026-05-09T16:40:00Z,15400.0
2026-05-09T16:45:00Z,15400.0
2026-05-09T16:50:00Z,15400.0
2026-05-09T16:55:00Z,15400.0
2026-05-09T17:00:00Z,15400.0
2026-05-09T17:05:00Z,15400.0
2026-05-09T17:10:00Z,15400.0
2026-05-09T17:15:00Z,15400.0
2026-05-09T17:20:00Z,15500.0
2026-05-09T17:25:00Z,15500.0
2026-05-09T17:30:00Z,15500.0
2026-05-09T17:35:00Z,15500.0
2026-05-09T17:40:00Z,15500.0
2026-05-09T17:45:00Z,15500.0
2026-05-09T17:50:00Z,15500.0
2026-05-09T17:55:00Z,15500.0
2026-05-09T18:00:00Z,15500.0
2026-05-09T18:05:00Z,15500.0
2026-05-09T18:10:00Z,15400.0
2026-05-09T18:15:00Z,15400.0
2026-05-09T18:20:00Z,15400.0
2026-05-09T18:25:00Z,15400.0
2026-05-09T18:30:00Z,15400.0
2026-05-09T18:35:00Z,15400.0
2026-05-09T18:40:00Z,15400.0
2026-05-09T18:45:00Z,15400.0
2026-05-09T18:50:00Z,15400.0
2026-05-09T18:55:00Z,15400.0
2026-05-09T19:00:00Z,15400.0
2026-05-09T19:05:00Z,15300.0
2026-05-09T19:10:00Z,15300.0
2026-05-09T19:15:00Z,15300.0
2026-05-09T19:20:00Z,15300.0
2026-05-09T19:25:00Z,15300.0
2026-05-09T19:30:00Z,15300.0
2026-05-09T19:35:00Z,15300.0
2026-05-09T19:40:00Z,15300.0
2026-05-09T19:45:00Z,15300.0
2026-05-09T19:50:00Z,15300.0
2026-05-09T19:55:00Z,15300.0
2026-05-09T20:00:00Z,15300.0
2026-05-09T20:05:00Z,15300.0
2026-05-09T20:10:00Z,15300.0
2026-05-09T20:15:00Z,15300.0
2026-05-09T20:20:00Z,15300.0
2026-05-09T20:25:00Z,15300.0
2026-05-09T20:30:00Z,15300.0
2026-05-09T20:35:00Z,15300.0
2026-05-09T20:40:00Z,15300.0
2026-05-09T20:45:00Z,15300.0
2026-05-09T20:50:00Z,15300.0
2026-05-09T20:55:00Z,15300.0
2026-05-09T21:00:00Z,15300.0
2026-05-09T21:05:00Z,15300.0
2026-05-09T21:10:00Z,15300.0
2026-05-09T21:15:00Z,15300.0
2026-05-09T21:20:00Z,15300.0
2026-05-09T21:25:00Z,15300.0
2026-05-09T21:30:00Z,15200.0
2026-05-09T21:35:00Z,15200.0
2026-05-09T21:40:00Z,15200.0
2026-05-09T21:45:00Z,15300.0
2026-05-09T21:50:00Z,15300.0
2026-05-09T21:55:00Z,15300.0
2026-05-09T22:00:00Z,15400.0
2026-05-09T22:05:00Z,15400.0
2026-05-09T22:10:00Z,15400.0
2026-05-09T22:15:00Z,15400.0
2026-05-09T22:20:00Z,15500.0
2026-05-09T22:25:00Z,15500.0
2026-05-09T22:30:00Z,15600.0
2026-05-09T22:35:00Z,15600.0
2026-05-09T22:40:00Z,15600.0
2026-05-09T22:45:00Z,15600.0
2026-05-09T22:50:00Z,15700.0
2026-05-09T22:55:00Z,15700.0
2026-05-09T23:00:00Z,15700.0
2026-05-09T23:05:00Z,15700.0
2026-05-09T23:10:00Z,15700.0
2026-05-09T23:15:00Z,15700.0
2026-05-09T23:20:00Z,15700.0
2026-05-09T23:25:00Z,15700.0
2026-05-09T23:30:00Z,15700.0
2026-05-09T23:35:00Z,15600.0
2026-05-09T23:40:00Z,15600.0
2026-05-09T23:45:00Z,15600.0
2026-05-09T23:50:00Z,15600.0
2026-05-09T23:55:00Z,15500.0
2026-05-10T00:00:00Z,15500.0
2026-05-10T00:05:00Z,15500.0
2026-05-10T00:10:00Z,15400.0
2026-05-10T00:15:00Z,15400.0
2026-05-10T00:20:00Z,15400.0
2026-05-10T00:25:00Z,15300.0
2026-05-10T00:30:00Z,15300.0
2026-05-10T00:35:00Z,15300.0
2026-05-10T00:40:00Z,15300.0
2026-05-10T00:45:00Z,15200.0
2026-05-10T00:50:00Z,15200.0
2026-05-10T00:55:00Z,15200.0
2026-05-10T01:00:00Z,15200.0
2026-05-10T01:05:00Z,15200.0
2026-05-10T01:10:00Z,15200.0
2026-05-10T01:15:00Z,15100.0
2026-05-10T01:20:00Z,15100.0
2026-05-10T01:25:00Z,15100.0
2026-05-10T01:30:00Z,15100.0
2026-05-10T01:35:00Z,15100.0
2026-05-10T01:40:00Z,15100.0
2026-05-10T01:45:00Z,15100.0
2026-05-10T01:50:00Z,15100.0
2026-05-10T01:55:00Z,15100.0
2026-05-10T02:00:00Z,15100.0
2026-05-10T02:05:00Z,15100.0
2026-05-10T02:10:00Z,15100.0
2026-05-10T02:15:00Z,15100.0
2026-05-10T02:20:00Z,15000.0
2026-05-10T02:25:00Z,15100.0
2026-05-10T02:30:00Z,15100.0
2026-05-10T02:35:00Z,15000.0
2026-05-10T02:40:00Z,15000.0
2026-05-10T02:45:00Z,15000.0
2026-05-10T02:50:00Z,15000.0
2026-05-10T02:55:00Z,15000.0
2026-05-10T03:00:00Z,15000.0
2026-05-10T03:05:00Z,15000.0
2026-05-10T03:10:00Z,15000.0
2026-05-10T03:15:00Z,14900.0
2026-05-10T03:20:00Z,14900.0
2026-05-10T03:25:00Z,14900.0
2026-05-10T03:30:00Z,14900.0
2026-05-10T03:35:00Z,14900.0
2026-05-10T03:40:00Z,14900.0
2026-05-10T03:45:00Z,14900.0
2026-05-10T03:50:00Z,14900.0
2026-05-10T03:55:00Z,14900.0
2026-05-10T04:00:00Z,14900.0
2026-05-10T04:05:00Z,15000.0
2026-05-10T04:10:00Z,15000.0
2026-05-10T04:15:00Z,15000.0
2026-05-10T04:20:00Z,15000.0
2026-05-10T04:25:00Z,15100.0
2026-05-10T04:30:00Z,15100.0
2026-05-10T04:35:00Z,15100.0
2026-05-10T04:40:00Z,15000.0
2026-05-10T04:45:00Z,15000.0
2026-05-10T04:50:00Z,15000.0
2026-05-10T04:55:00Z,15000.0
2026-05-10T05:00:00Z,15000.0
2026-05-10T05:05:00Z,15000.0
2026-05-10T05:10:00Z,15000.0
2026-05-10T05:15:00Z,15000.0
2026-05-10T05:20:00Z,15000.0
2026-05-10T05:25:00Z,15000.0
2026-05-10T05:30:00Z,15000.0
2026-05-10T05:35:00Z,15000.0
2026-05-10T05:40:00Z,14900.0
2026-05-10T05:45:00Z,14900.0
2026-05-10T05:50:00Z,14900.0
2026-05-10T05:55:00Z,14900.0
2026-05-10T06:00:00Z,14900.0
2026-05-10T06:05:00Z,14900.0
2026-05-10T06:10:00Z,14900.0
2026-05-10T06:15:00Z,14900.0
2026-05-10T06:20:00Z,14900.0
2026-05-10T06:25:00Z,14900.0
2026-05-10T06:30:00Z,14900.0
2026-05-10T06:35:00Z,14900.0
2026-05-10T06:40:00Z,15000.0
2026-05-10T06:45:00Z,15000.0
2026-05-10T06:50:00Z,15000.0
2026-05-10T06:55:00Z,15000.0
2026-05-10T07:00:00Z,15000.0
2026-05-10T07:05:00Z,15000.0
2026-05-10T07:10:00Z,15000.0
2026-05-10T07:15:00Z,14900.0
2026-05-10T07:20:00Z,14900.0
2026-05-10T07:25:00Z,14900.0
2026-05-10T07:30:00Z,14900.0
2026-05-10T07:35:00Z,14900.0
2026-05-10T07:40:00Z,14900.0
2026-05-10T07:45:00Z,14900.0
2026-05-10T07:50:00Z,14900.0
2026-05-10T07:55:00Z,14900.0
2026-05-10T08:00:00Z,14900.0
2026-05-10T08:05:00Z,14900.0
2026-05-10T08:10:00Z,14900.0
2026-05-10T08:15:00Z,14900.0
2026-05-10T08:20:00Z,14900.0
2026-05-10T08:25:00Z,14900.0
2026-05-10T08:30:00Z,14900.0
2026-05-10T08:35:00Z,14900.0
2026-05-10T08:40:00Z,14900.0
2026-05-10T08:45:00Z,14900.0
2026-05-10T08:50:00Z,14900.0
2026-05-10T08:55:00Z,14900.0
2026-05-10T09:00:00Z,14900.0
2026-05-10T09:05:00Z,15000.0
2026-05-10T09:10:00Z,14900.0
2026-05-10T09:15:00Z,14900.0
2026-05-10T09:20:00Z,14900.0
2026-05-10T09:25:00Z,14900.0
2026-05-10T09:30:00Z,14900.0
2026-05-10T09:35:00Z,14900.0
2026-05-10T09:40:00Z,14900.0
2026-05-10T09:45:00Z,14900.0
2026-05-10T09:50:00Z,14800.0
2026-05-10T09:55:00Z,14800.0
2026-05-10T10:00:00Z,14800.0
2026-05-10T10:05:00Z,14800.0
2026-05-10T10:10:00Z,14800.0
2026-05-10T10:15:00Z,14800.0
2026-05-10T10:20:00Z,14800.0
2026-05-10T10:25:00Z,14800.0
2026-05-10T10:30:00Z,14800.0
2026-05-10T10:35:00Z,14700.0
2026-05-10T10:40:00Z,14700.0
2026-05-10T10:45:00Z,14700.0
2026-05-10T10:50:00Z,14700.0
2026-05-10T10:55:00Z,14700.0
2026-05-10T11:00:00Z,14700.0
2026-05-10T11:05:00Z,14700.0
2026-05-10T11:10:00Z,14700.0
2026-05-10T11:15:00Z,14700.0
2026-05-10T11:20:00Z,14700.0
2026-05-10T11:25:00Z,14700.0
2026-05-10T11:30:00Z,14700.0
2026-05-10T11:35:00Z,14800.0
2026-05-10T11:40:00Z,14800.0
2026-05-10T11:45:00Z,14800.0
2026-05-10T11:50:00Z,14800.0
2026-05-10T11:55:00Z,14800.0
2026-05-10T12:00:00Z,14800.0
2026-05-10T12:05:00Z,14800.0
2026-05-10T12:10:00Z,14800.0
2026-05-10T12:15:00Z,14800.0
2026-05-10T12:20:00Z,14800.0
2026-05-10T12:25:00Z,14800.0
2026-05-10T12:30:00Z,14800.0
2026-05-10T12:35:00Z,14800.0
2026-05-10T12:40:00Z,14800.0
2026-05-10T12:45:00Z,14800.0
2026-05-10T12:50:00Z,14800.0
2026-05-10T12:55:00Z,14700.0
2026-05-10T13:00:00Z,14700.0
2026-05-10T13:05:00Z,14700.0
2026-05-10T13:10:00Z,14800.0
2026-05-10T13:15:00Z,14800.0
2026-05-10T13:20:00Z,14800.0
2026-05-10T13:25:00Z,14800.0
2026-05-10T13:30:00Z,14800.0
2026-05-10T13:35:00Z,14900.0
2026-05-10T13:40:00Z,14900.0
2026-05-10T13:45:00Z,14900.0
2026-05-10T13:50:00Z,14900.0
2026-05-10T13:55:00Z,14900.0
2026-05-10T14:00:00Z,14900.0
2026-05-10T14:05:00Z,14900.0
2026-05-10T14:10:00Z,14900.0
2026-05-10T14:15:00Z,14800.0
2026-05-10T14:20:00Z,14800.0
2026-05-10T14:25:00Z,14800.0
2026-05-10T14:30:00Z,14800.0
2026-05-10T14:35:00Z,14700.0
2026-05-10T14:40:00Z,14700.0
2026-05-10T14:45:00Z,14700.0
2026-05-10T14:50:00Z,14700.0
2026-05-10T14:55:00Z,14700.0
2026-05-10T15:00:00Z,14800.0
2026-05-10T15:05:00Z,14800.0
2026-05-10T15:10:00Z,14800.0
2026-05-10T15:15:00Z,14900.0
2026-05-10T15:20:00Z,14900.0
2026-05-10T15:25:00Z,14900.0
2026-05-10T15:30:00Z,14900.0
2026-05-10T15:35:00Z,14900.0
2026-05-10T15:40:00Z,14900.0
2026-05-10T15:45:00Z,14900.0
2026-05-10T15:50:00Z,14900.0
2026-05-10T15:55:00Z,14900.0
2026-05-10T16:00:00Z,14900.0
2026-05-10T16:05:00Z,14900.0
2026-05-10T16:10:00Z,14900.0
2026-05-10T16:15:00Z,14900.0
2026-05-10T16:20:00Z,14900.0
2026-05-10T16:25:00Z,14900.0
2026-05-10T16:30:00Z,14900.0
2026-05-10T16:35:00Z,14900.0
2026-05-10T16:40:00Z,14900.0
2026-05-10T16:45:00Z,14900.0
2026-05-10T16:50:00Z,14800.0
2026-05-10T16:55:00Z,14800.0
2026-05-10T17:00:00Z,14700.0
2026-05-10T17:05:00Z,14700.0
2026-05-10T17:10:00Z,14600.0
2026-05-10T17:15:00Z,14600.0
2026-05-10T17:20:00Z,14600.0
2026-05-10T17:25:00Z,14600.0
2026-05-10T17:30:00Z,14600.0
2026-05-10T17:35:00Z,14600.0
2026-05-10T17:40:00Z,14700.0
2026-05-10T17:45:00Z,14800.0
2026-05-10T17:50:00Z,14900.0
2026-05-10T17:55:00Z,14900.0
2026-05-10T18:00:00Z,15000.0
2026-05-10T18:05:00Z,15100.0
2026-05-10T18:10:00Z,15100.0
2026-05-10T18:15:00Z,15100.0
2026-05-10T18:20:00Z,15100.0
2026-05-10T18:25:00Z,15100.0
2026-05-10T18:30:00Z,15100.0
2026-05-10T18:35:00Z,15100.0
2026-05-10T18:40:00Z,15100.0
2026-05-10T18:45:00Z,15100.0
2026-05-10T18:50:00Z,15100.0
2026-05-10T18:55:00Z,15100.0
2026-05-10T19:00:00Z,15100.0
2026-05-10T19:05:00Z,15100.0
2026-05-10T19:10:00Z,15100.0
2026-05-10T19:15:00Z,15100.0
2026-05-10T19:20:00Z,15100.0
2026-05-10T19:25:00Z,15100.0
2026-05-10T19:30:00Z,15100.0
2026-05-10T19:35:00Z,15100.0
2026-05-10T19:40:00Z,15100.0
2026-05-10T19:45:00Z,15100.0
2026-05-10T19:50:00Z,15100.0
2026-05-10T19:55:00Z,15100.0
2026-05-10T20:00:00Z,15100.0
2026-05-10T20:05:00Z,15000.0
2026-05-10T20:10:00Z,15100.0
2026-05-10T20:15:00Z,15100.0
2026-05-10T20:20:00Z,15100.0
2026-05-10T20:25:00Z,15200.0
2026-05-10T20:30:00Z,15200.0
2026-05-10T20:35:00Z,15200.0
2026-05-10T20:40:00Z,15300.0
2026-05-10T20:45:00Z,15300.0
2026-05-10T20:50:00Z,15300.0
2026-05-10T20:55:00Z,15300.0
2026-05-10T21:00:00Z,15400.0
2026-05-10T21:05:00Z,15400.0
2026-05-10T21:10:00Z,15400.0
2026-05-10T21:15:00Z,15400.0
2026-05-10T21:20:00Z,15400.0
2026-05-10T21:25:00Z,15300.0
2026-05-10T21:30:00Z,15300.0
2026-05-10T21:35:00Z,15200.0
2026-05-10T21:40:00Z,15100.0
2026-05-10T21:45:00Z,15100.0
2026-05-10T21:50:00Z,15000.0
2026-05-10T21:55:00Z,15000.0
2026-05-10T22:00:00Z,15000.0
2026-05-10T22:05:00Z,15100.0
2026-05-10T22:10:00Z,15100.0
2026-05-10T22:15:00Z,15200.0
2026-05-10T22:20:00Z,15300.0
2026-05-10T22:25:00Z,15300.0
2026-05-10T22:30:00Z,15300.0
2026-05-10T22:35:00Z,15300.0
2026-05-10T22:40:00Z,15400.0
2026-05-10T22:45:00Z,15300.0
2026-05-10T22:50:00Z,15300.0
2026-05-10T22:55:00Z,15300.0
2026-05-10T23:00:00Z,15300.0
2026-05-10T23:05:00Z,15300.0
2026-05-10T23:10:00Z,15200.0
2026-05-10T23:15:00Z,15200.0
2026-05-10T23:20:00Z,15200.0
2026-05-10T23:25:00Z,15100.0
2026-05-10T23:30:00Z,15100.0
2026-05-10T23:35:00Z,15100.0
2026-05-10T23:40:00Z,15000.0
2026-05-10T23:45:00Z,15000.0
2026-05-10T23:50:00Z,15000.0
2026-05-10T23:55:00Z,15000.0
2026-05-11T00:00:00Z,14900.0
2026-05-11T00:05:00Z,14900.0
2026-05-11T00:10:00Z,14900.0
2026-05-11T00:15:00Z,14900.0
2026-05-11T00:20:00Z,14900.0
2026-05-11T00:25:00Z,14900.0
2026-05-11T00:30:00Z,14900.0
2026-05-11T00:35:00Z,14900.0
2026-05-11T00:40:00Z,14900.0
2026-05-11T00:45:00Z,15000.0
2026-05-11T00:50:00Z,15000.0
2026-05-11T00:55:00Z,15000.0
2026-05-11T01:00:00Z,15000.0
2026-05-11T01:05:00Z,15000.0
2026-05-11T01:10:00Z,15000.0
2026-05-11T01:15:00Z,15000.0
2026-05-11T01:20:00Z,15000.0
2026-05-11T01:25:00Z,15000.0
2026-05-11T01:30:00Z,15000.0
2026-05-11T01:35:00Z,15000.0
2026-05-11T01:40:00Z,15000.0
2026-05-11T01:45:00Z,15000.0
2026-05-11T01:50:00Z,15000.0
2026-05-11T01:55:00Z,15100.0
2026-05-11T02:00:00Z,15100.0
2026-05-11T02:05:00Z,15100.0
2026-05-11T02:10:00Z,15100.0
2026-05-11T02:15:00Z,15100.0
2026-05-11T02:20:00Z,15200.0
2026-05-11T02:25:00Z,15200.0
2026-05-11T02:30:00Z,15200.0
2026-05-11T02:35:00Z,15200.0
2026-05-11T02:40:00Z,15200.0
2026-05-11T02:45:00Z,15200.0
2026-05-11T02:50:00Z,15300.0
2026-05-11T02:55:00Z,15300.0
2026-05-11T03:00:00Z,15300.0
2026-05-11T03:05:00Z,15300.0
2026-05-11T03:10:00Z,15300.0
2026-05-11T03:15:00Z,15300.0
2026-05-11T03:20:00Z,15300.0
2026-05-11T03:25:00Z,15300.0
2026-05-11T03:30:00Z,15300.0
2026-05-11T03:35:00Z,15300.0
2026-05-11T03:40:00Z,15300.0
2026-05-11T03:45:00Z,15300.0
2026-05-11T03:50:00Z,15300.0
2026-05-11T03:55:00Z,15300.0
2026-05-11T04:00:00Z,15300.0
2026-05-11T04:05:00Z,15300.0
2026-05-11T04:10:00Z,15300.0
2026-05-11T04:15:00Z,15300.0
2026-05-11T04:20:00Z,15300.0
2026-05-11T04:25:00Z,15300.0
2026-05-11T04:30:00Z,15300.0
2026-05-11T04:35:00Z,15300.0
2026-05-11T04:40:00Z,15300.0
2026-05-11T04:45:00Z,15300.0
2026-05-11T04:50:00Z,15300.0
2026-05-11T04:55:00Z,15300.0
2026-05-11T05:00:00Z,15300.0
2026-05-11T05:05:00Z,15300.0
2026-05-11T05:10:00Z,15300.0
2026-05-11T05:15:00Z,15300.0
2026-05-11T05:20:00Z,15300.0
2026-05-11T05:25:00Z,15300.0
2026-05-11T05:30:00Z,15300.0
2026-05-11T05:35:00Z,15300.0
2026-05-11T05:40:00Z,15300.0
2026-05-11T05:45:00Z,15300.0
2026-05-11T05:50:00Z,15300.0
2026-05-11T05:55:00Z,15300.0
2026-05-11T06:00:00Z,15300.0
2026-05-11T06:05:00Z,15300.0
2026-05-11T06:10:00Z,15300.0
2026-05-11T06:15:00Z,15300.0
2026-05-11T06:20:00Z,15300.0
2026-05-11T06:25:00Z,15300.0
2026-05-11T06:30:00Z,15300.0
2026-05-11T06:35:00Z,15300.0
2026-05-11T06:40:00Z,15400.0
2026-05-11T06:45:00Z,15400.0
2026-05-11T06:50:00Z,15300.0
2026-05-11T06:55:00Z,15300.0
2026-05-11T07:00:00Z,15300.0
2026-05-11T07:05:00Z,15400.0
2026-05-11T07:10:00Z,15400.0
2026-05-11T07:15:00Z,15400.0
2026-05-11T07:20:00Z,15400.0
2026-05-11T07:25:00Z,15400.0
2026-05-11T07:30:00Z,15400.0
2026-05-11T07:35:00Z,15400.0
2026-05-11T07:40:00Z,15400.0
2026-05-11T07:45:00Z,15400.0
2026-05-11T07:50:00Z,15400.0
2026-05-11T07:55:00Z,15400.0
2026-05-11T08:00:00Z,15400.0
2026-05-11T08:05:00Z,15400.0
2026-05-11T08:10:00Z,15400.0
2026-05-11T08:15:00Z,15400.0
2026-05-11T08:20:00Z,15400.0
2026-05-11T08:25:00Z,15400.0
2026-05-11T08:30:00Z,15400.0
2026-05-11T08:35:00Z,15400.0
2026-05-11T08:40:00Z,15400.0
2026-05-11T08:45:00Z,15400.0
2026-05-11T08:50:00Z,15400.0
2026-05-11T08:55:00Z,15400.0
2026-05-11T09:00:00Z,15400.0
2026-05-11T09:05:00Z,15400.0
2026-05-11T09:10:00Z,15300.0
2026-05-11T09:15:00Z,15300.0
2026-05-11T09:20:00Z,15300.0
2026-05-11T09:25:00Z,15300.0
2026-05-11T09:30:00Z,15300.0
2026-05-11T09:35:00Z,15300.0
2026-05-11T09:40:00Z,15300.0
2026-05-11T09:45:00Z,15300.0
2026-05-11T09:50:00Z,15300.0
2026-05-11T09:55:00Z,15300.0
2026-05-11T10:00:00Z,15300.0
2026-05-11T10:05:00Z,15300.0
2026-05-11T10:10:00Z,15300.0
2026-05-11T10:15:00Z,15300.0
2026-05-11T10:20:00Z,15300.0
2026-05-11T10:25:00Z,15300.0
2026-05-11T10:30:00Z,15300.0
2026-05-11T10:35:00Z,15300.0
2026-05-11T10:40:00Z,15300.0
2026-05-11T10:45:00Z,15200.0
2026-05-11T10:50:00Z,15200.0
2026-05-11T10:55:00Z,15200.0
2026-05-11T11:00:00Z,15200.0
2026-05-11T11:05:00Z,15200.0
2026-05-11T11:10:00Z,15200.0
2026-05-11T11:15:00Z,15200.0
2026-05-11T11:20:00Z,15200.0
2026-05-11T11:25:00Z,15100.0
2026-05-11T11:30:00Z,15100.0
2026-05-11T11:35:00Z,15100.0
2026-05-11T11:40:00Z,15100.0
2026-05-11T11:45:00Z,15100.0
2026-05-11T11:50:00Z,15100.0
2026-05-11T11:55:00Z,15000.0
2026-05-11T12:00:00Z,15000.0
2026-05-11T12:05:00Z,15000.0
2026-05-11T12:10:00Z,15000.0
2026-05-11T12:15:00Z,15000.0
2026-05-11T12:20:00Z,14900.0
2026-05-11T12:25:00Z,14900.0
2026-05-11T12:30:00Z,14900.0
2026-05-11T12:35:00Z,14900.0
2026-05-11T12:40:00Z,14900.0
2026-05-11T12:45:00Z,15000.0
2026-05-11T12:50:00Z,15000.0
2026-05-11T12:55:00Z,15000.0
2026-05-11T13:00:00Z,15000.0
2026-05-11T13:05:00Z,15100.0
2026-05-11T13:10:00Z,15100.0
2026-05-11T13:15:00Z,15000.0
2026-05-11T13:20:00Z,15000.0
2026-05-11T13:25:00Z,15000.0
2026-05-11T13:30:00Z,15000.0
2026-05-11T13:35:00Z,15000.0
2026-05-11T13:40:00Z,14900.0
2026-05-11T13:45:00Z,14900.0
2026-05-11T13:50:00Z,14900.0
2026-05-11T13:55:00Z,14900.0
2026-05-11T14:00:00Z,14900.0
2026-05-11T14:05:00Z,14900.0
2026-05-11T14:10:00Z,14900.0
2026-05-11T14:15:00Z,14900.0
2026-05-11T14:20:00Z,14900.0
2026-05-11T14:25:00Z,14900.0
2026-05-11T14:30:00Z,14900.0
2026-05-11T14:35:00Z,14900.0
2026-05-11T14:40:00Z,14900.0
2026-05-11T14:45:00Z,14900.0
2026-05-11T14:50:00Z,14900.0
2026-05-11T14:55:00Z,14900.0
2026-05-11T15:00:00Z,14800.0
2026-05-11T15:05:00Z,14800.0
2026-05-11T15:10:00Z,14800.0
2026-05-11T15:15:00Z,14800.0
2026-05-11T15:20:00Z,14800.0
2026-05-11T15:25:00Z,14800.0
2026-05-11T15:30:00Z,14800.0
2026-05-11T15:35:00Z,14800.0
2026-05-11T15:40:00Z,14800.0
2026-05-11T15:45:00Z,14800.0
2026-05-11T15:50:00Z,14800.0
2026-05-11T15:55:00Z,14900.0
2026-05-11T16:00:00Z,14900.0
2026-05-11T16:05:00Z,14900.0
2026-05-11T16:10:00Z,14900.0
2026-05-11T16:15:00Z,14900.0
2026-05-11T16:20:00Z,14900.0
2026-05-11T16:25:00Z,14900.0
2026-05-11T16:30:00Z,14800.0
2026-05-11T16:35:00Z,14800.0
2026-05-11T16:40:00Z,14800.0
2026-05-11T16:45:00Z,14700.0
2026-05-11T16:50:00Z,14700.0
2026-05-11T16:55:00Z,14700.0
2026-05-11T17:00:00Z,14700.0
2026-05-11T17:05:00Z,14700.0
2026-05-11T17:10:00Z,14700.0
2026-05-11T17:15:00Z,14700.0
2026-05-11T17:20:00Z,14700.0
2026-05-11T17:25:00Z,14700.0
2026-05-11T17:30:00Z,14700.0
2026-05-11T17:35:00Z,14700.0
2026-05-11T17:40:00Z,14700.0
2026-05-11T17:45:00Z,14700.0
2026-05-11T17:50:00Z,14600.0
2026-05-11T17:55:00Z,14600.0
2026-05-11T18:00:00Z,14600.0
2026-05-11T18:05:00Z,14600.0
2026-05-11T18:10:00Z,14600.0
2026-05-11T18:15:00Z,14600.0
2026-05-11T18:20:00Z,14600.0
2026-05-11T18:25:00Z,14600.0
2026-05-11T18:30:00Z,14600.0
2026-05-11T18:35:00Z,14600.0
2026-05-11T18:40:00Z,14600.0
2026-05-11T18:45:00Z,14600.0
2026-05-11T18:50:00Z,14600.0
2026-05-11T18:55:00Z,14600.0
2026-05-11T19:00:00Z,14600.0
2026-05-11T19:05:00Z,14500.0
2026-05-11T19:10:00Z,14500.0
2026-05-11T19:15:00Z,14500.0
2026-05-11T19:20:00Z,14500.0
2026-05-11T19:25:00Z,14500.0
2026-05-11T19:30:00Z,14500.0
2026-05-11T19:35:00Z,14500.0
2026-05-11T19:40:00Z,14500.0
2026-05-11T19:45:00Z,14500.0
2026-05-11T19:50:00Z,14500.0
2026-05-11T19:55:00Z,14500.0
2026-05-11T20:00:00Z,14500.0
2026-05-11T20:05:00Z,14500.0
2026-05-11T20:10:00Z,14500.0
2026-05-11T20:15:00Z,14500.0
2026-05-11T20:20:00Z,14500.0
2026-05-11T20:25:00Z,14500.0
2026-05-11T20:30:00Z,14500.0
2026-05-11T20:35:00Z,14500.0
2026-05-11T20:40:00Z,14500.0
2026-05-11T20:45:00Z,14500.0
2026-05-11T20:50:00Z,14400.0
2026-05-11T20:55:00Z,14400.0
2026-05-11T21:00:00Z,14400.0
2026-05-11T21:05:00Z,14400.0
2026-05-11T21:10:00Z,14400.0
2026-05-11T21:15:00Z,14400.0
2026-05-11T21:20:00Z,14400.0
2026-05-11T21:25:00Z,14400.0
2026-05-11T21:30:00Z,14400.0
2026-05-11T21:35:00Z,14400.0
2026-05-11T21:40:00Z,14400.0
2026-05-11T21:45:00Z,14400.0
2026-05-11T21:50:00Z,14400.0
2026-05-11T21:55:00Z,14300.0
2026-05-11T22:00:00Z,14400.0
2026-05-11T22:05:00Z,14400.0
2026-05-11T22:10:00Z,14400.0
2026-05-11T22:15:00Z,14400.0
2026-05-11T22:20:00Z,14400.0
2026-05-11T22:25:00Z,14400.0
2026-05-11T22:30:00Z,14400.0
2026-05-11T22:35:00Z,14400.0
2026-05-11T22:40:00Z,14400.0
2026-05-11T22:45:00Z,14400.0
2026-05-11T22:50:00Z,14500.0
2026-05-11T22:55:00Z,14500.0
2026-05-11T23:00:00Z,14500.0
2026-05-11T23:05:00Z,14500.0
2026-05-11T23:10:00Z,14600.0
2026-05-11T23:15:00Z,14600.0
2026-05-11T23:20:00Z,14700.0
2026-05-11T23:25:00Z,14700.0
2026-05-11T23:30:00Z,14800.0
2026-05-11T23:35:00Z,14800.0
2026-05-11T23:40:00Z,14800.0
2026-05-11T23:45:00Z,14900.0
2026-05-11T23:50:00Z,14900.0
2026-05-11T23:55:00Z,14900.0
2026-05-12T00:00:00Z,14900.0
2026-05-12T00:05:00Z,14900.0
2026-05-12T00:10:00Z,14900.0
2026-05-12T00:15:00Z,14900.0
2026-05-12T00:20:00Z,14900.0
2026-05-12T00:25:00Z,14900.0
2026-05-12T00:30:00Z,14900.0
2026-05-12T00:35:00Z,14900.0
2026-05-12T00:40:00Z,14900.0
2026-05-12T00:45:00Z,14900.0
2026-05-12T00:50:00Z,14800.0
2026-05-12T00:55:00Z,14800.0
2026-05-12T01:00:00Z,14800.0
2026-05-12T01:05:00Z,14800.0
2026-05-12T01:10:00Z,14800.0
2026-05-12T01:15:00Z,14800.0
2026-05-12T01:20:00Z,14800.0
2026-05-12T01:25:00Z,14800.0
2026-05-12T01:30:00Z,14800.0
2026-05-12T01:35:00Z,14800.0
2026-05-12T01:40:00Z,14800.0
2026-05-12T01:45:00Z,14800.0
2026-05-12T01:50:00Z,14800.0
2026-05-12T01:55:00Z,14900.0
2026-05-12T02:00:00Z,14900.0
2026-05-12T02:05:00Z,14900.0
2026-05-12T02:10:00Z,14900.0
2026-05-12T02:15:00Z,14900.0
2026-05-12T02:20:00Z,14900.0
2026-05-12T02:25:00Z,14900.0
2026-05-12T02:30:00Z,14900.0
2026-05-12T02:35:00Z,14900.0
2026-05-12T02:40:00Z,14900.0
2026-05-12T02:45:00Z,14900.0
2026-05-12T02:50:00Z,14900.0
2026-05-12T02:55:00Z,14900.0
2026-05-12T03:00:00Z,14900.0
2026-05-12T03:05:00Z,14900.0
2026-05-12T03:10:00Z,14900.0
2026-05-12T03:15:00Z,14900.0
2026-05-12T03:20:00Z,14900.0
2026-05-12T03:25:00Z,14900.0
2026-05-12T03:30:00Z,14900.0
2026-05-12T03:35:00Z,14900.0
2026-05-12T03:40:00Z,14900.0
2026-05-12T03:45:00Z,14900.0
2026-05-12T03:50:00Z,14900.0
2026-05-12T03:55:00Z,14900.0
2026-05-12T04:00:00Z,14900.0
2026-05-12T04:05:00Z,14900.0
2026-05-12T04:10:00Z,14900.0
2026-05-12T04:15:00Z,14900.0
2026-05-12T04:20:00Z,14900.0
2026-05-12T04:25:00Z,14900.0
2026-05-12T04:30:00Z,14900.0
2026-05-12T04:35:00Z,14800.0
2026-05-12T04:40:00Z,14800.0
2026-05-12T04:45:00Z,14800.0
2026-05-12T04:50:00Z,14800.0
2026-05-12T04:55:00Z,14800.0
2026-05-12T05:00:00Z,14800.0
2026-05-12T05:05:00Z,14800.0
2026-05-12T05:10:00Z,14800.0
2026-05-12T05:15:00Z,14800.0
2026-05-12T05:20:00Z,14800.0
2026-05-12T05:25:00Z,14700.0
2026-05-12T05:30:00Z,14700.0
2026-05-12T05:35:00Z,14700.0
2026-05-12T05:40:00Z,14700.0
2026-05-12T05:45:00Z,14700.0
2026-05-12T05:50:00Z,14700.0
2026-05-12T05:55:00Z,14700.0
2026-05-12T06:00:00Z,14700.0
2026-05-12T06:05:00Z,14700.0
2026-05-12T06:10:00Z,14700.0
2026-05-12T06:15:00Z,14700.0
2026-05-12T06:20:00Z,14700.0
2026-05-12T06:25:00Z,14700.0
2026-05-12T06:30:00Z,14700.0
2026-05-12T06:35:00Z,14600.0
2026-05-12T06:40:00Z,14600.0
2026-05-12T06:45:00Z,14600.0
2026-05-12T06:50:00Z,14600.0
2026-05-12T06:55:00Z,14700.0
2026-05-12T07:00:00Z,14600.0
2026-05-12T07:05:00Z,14600.0
2026-05-12T07:10:00Z,14600.0
2026-05-12T07:15:00Z,14600.0
2026-05-12T07:20:00Z,14600.0
2026-05-12T07:25:00Z,14600.0
2026-05-12T07:30:00Z,14600.0
2026-05-12T07:35:00Z,14600.0
2026-05-12T07:40:00Z,14600.0
2026-05-12T07:45:00Z,14600.0
2026-05-12T07:50:00Z,14600.0
2026-05-12T07:55:00Z,14600.0
2026-05-12T08:00:00Z,14600.0
2026-05-12T08:05:00Z,14600.0
2026-05-12T08:10:00Z,14600.0
2026-05-12T08:15:00Z,14600.0
2026-05-12T08:20:00Z,14600.0
2026-05-12T08:25:00Z,14700.0
2026-05-12T08:30:00Z,14600.0
2026-05-12T08:35:00Z,14600.0
2026-05-12T08:40:00Z,14700.0
2026-05-12T08:45:00Z,14700.0
2026-05-12T08:50:00Z,14700.0
2026-05-12T08:55:00Z,14700.0
2026-05-12T09:00:00Z,14700.0
2026-05-12T09:05:00Z,14700.0
2026-05-12T09:10:00Z,14700.0
2026-05-12T09:15:00Z,14700.0
2026-05-12T09:20:00Z,14600.0
2026-05-12T09:25:00Z,14600.0
2026-05-12T09:30:00Z,14600.0
2026-05-12T09:35:00Z,14600.0
2026-05-12T09:40:00Z,14600.0
2026-05-12T09:45:00Z,14600.0
2026-05-12T09:50:00Z,14600.0
2026-05-12T09:55:00Z,14600.0
2026-05-12T10:00:00Z,14600.0
2026-05-12T10:05:00Z,14600.0
2026-05-12T10:10:00Z,14600.0
2026-05-12T10:15:00Z,14600.0
2026-05-12T10:20:00Z,14600.0
2026-05-12T10:25:00Z,14600.0
2026-05-12T10:30:00Z,14600.0
2026-05-12T10:35:00Z,14600.0
2026-05-12T10:40:00Z,14600.0
2026-05-12T10:45:00Z,14600.0
2026-05-12T10:50:00Z,14600.0
2026-05-12T10:55:00Z,14600.0
2026-05-12T11:00:00Z,14600.0
2026-05-12T11:05:00Z,14600.0
2026-05-12T11:10:00Z,14600.0
2026-05-12T11:15:00Z,14600.0
2026-05-12T11:20:00Z,14500.0
2026-05-12T11:25:00Z,14500.0
2026-05-12T11:30:00Z,14500.0
2026-05-12T11:35:00Z,14500.0
2026-05-12T11:40:00Z,14500.0
2026-05-12T11:45:00Z,14500.0
2026-05-12T11:50:00Z,14500.0
2026-05-12T11:55:00Z,14500.0
2026-05-12T12:00:00Z,14500.0
2026-05-12T12:05:00Z,14500.0
2026-05-12T12:10:00Z,14500.0
2026-05-12T12:15:00Z,14500.0
2026-05-12T12:20:00Z,14500.0
2026-05-12T12:25:00Z,14500.0
2026-05-12T12:30:00Z,14600.0
2026-05-12T12:35:00Z,14600.0
2026-05-12T12:40:00Z,14600.0
2026-05-12T12:45:00Z,14600.0
2026-05-12T12:50:00Z,14600.0
2026-05-12T12:55:00Z,14600.0
2026-05-12T13:00:00Z,14600.0
2026-05-12T13:05:00Z,14600.0
2026-05-12T13:10:00Z,14600.0
2026-05-12T13:15:00Z,14600.0
2026-05-12T13:20:00Z,14600.0
2026-05-12T13:25:00Z,14600.0
2026-05-12T13:30:00Z,14600.0
2026-05-12T13:35:00Z,14600.0
2026-05-12T13:40:00Z,14600.0
2026-05-12T13:45:00Z,14500.0
2026-05-12T13:50:00Z,14500.0
2026-05-12T13:55:00Z,14500.0
2026-05-12T14:00:00Z,14500.0
2026-05-12T14:05:00Z,14500.0
2026-05-12T14:10:00Z,14500.0
2026-05-12T14:15:00Z,14400.0
2026-05-12T14:20:00Z,14400.0
2026-05-12T14:25:00Z,14400.0
2026-05-12T14:30:00Z,14400.0
2026-05-12T14:35:00Z,14400.0
2026-05-12T14:40:00Z,14400.0
2026-05-12T14:45:00Z,14400.0
2026-05-12T14:50:00Z,14500.0
2026-05-12T14:55:00Z,14500.0
2026-05-12T15:00:00Z,14500.0
2026-05-12T15:05:00Z,14500.0
2026-05-12T15:10:00Z,14500.0
2026-05-12T15:15:00Z,14500.0
2026-05-12T15:20:00Z,14500.0
2026-05-12T15:25:00Z,14500.0
2026-05-12T15:30:00Z,14500.0
2026-05-12T15:35:00Z,14500.0
2026-05-12T15:40:00Z,14500.0
2026-05-12T15:45:00Z,14500.0
2026-05-12T15:50:00Z,14500.0
2026-05-12T15:55:00Z,14500.0
2026-05-12T16:00:00Z,14500.0
2026-05-12T16:05:00Z,14500.0
2026-05-12T16:10:00Z,14500.0
2026-05-12T16:15:00Z,14500.0
2026-05-12T16:20:00Z,14500.0
2026-05-12T16:25:00Z,14500.0
2026-05-12T16:30:00Z,14500.0
2026-05-12T16:35:00Z,14500.0
2026-05-12T16:40:00Z,14500.0
2026-05-12T16:45:00Z,14500.0
2026-05-12T16:50:00Z,14500.0
2026-05-12T16:55:00Z,14400.0
2026-05-12T17:00:00Z,14400.0
2026-05-12T17:05:00Z,14400.0
2026-05-12T17:10:00Z,14400.0
2026-05-12T17:15:00Z,14400.0
2026-05-12T17:20:00Z,14400.0
2026-05-12T17:25:00Z,14400.0
2026-05-12T17:30:00Z,14400.0
2026-05-12T17:35:00Z,14400.0
2026-05-12T17:40:00Z,14400.0
2026-05-12T17:45:00Z,14300.0
2026-05-12T17:50:00Z,14300.0
2026-05-12T17:55:00Z,14300.0
2026-05-12T18:00:00Z,14300.0
2026-05-12T18:05:00Z,14300.0
2026-05-12T18:10:00Z,14300.0
2026-05-12T18:15:00Z,14300.0
2026-05-12T18:20:00Z,14300.0
2026-05-12T18:25:00Z,14300.0
2026-05-12T18:30:00Z,14300.0
2026-05-12T18:35:00Z,14300.0
2026-05-12T18:40:00Z,14300.0
2026-05-12T18:45:00Z,14300.0
2026-05-12T18:50:00Z,14300.0
2026-05-12T18:55:00Z,14300.0
2026-05-12T19:00:00Z,14300.0
2026-05-12T19:05:00Z,14300.0
2026-05-12T19:10:00Z,14300.0
2026-05-12T19:15:00Z,14300.0
2026-05-12T19:20:00Z,14300.0
2026-05-12T19:25:00Z,14300.0
2026-05-12T19:30:00Z,14300.0
2026-05-12T19:35:00Z,14300.0
2026-05-12T19:40:00Z,14300.0
2026-05-12T19:45:00Z,14300.0
2026-05-12T19:50:00Z,14300.0
2026-05-12T19:55:00Z,14300.0
2026-05-12T20:00:00Z,14300.0
2026-05-12T20:05:00Z,14300.0
2026-05-12T20:10:00Z,14300.0
2026-05-12T20:15:00Z,14300.0
2026-05-12T20:20:00Z,14300.0
2026-05-12T20:25:00Z,14200.0
2026-05-12T20:30:00Z,14200.0
2026-05-12T20:35:00Z,14200.0
2026-05-12T20:40:00Z,14300.0
2026-05-12T20:45:00Z,14200.0
2026-05-12T20:50:00Z,14200.0
2026-05-12T20:55:00Z,14300.0
2026-05-12T21:00:00Z,14300.0
2026-05-12T21:05:00Z,14300.0
2026-05-12T21:10:00Z,14300.0
2026-05-12T21:15:00Z,14300.0
2026-05-12T21:20:00Z,14300.0
2026-05-12T21:25:00Z,14300.0
2026-05-12T21:30:00Z,14300.0
2026-05-12T21:35:00Z,14300.0
2026-05-12T21:40:00Z,14300.0
2026-05-12T21:45:00Z,14300.0
2026-05-12T21:50:00Z,14300.0
2026-05-12T21:55:00Z,14300.0
2026-05-12T22:00:00Z,14300.0
2026-05-12T22:05:00Z,14300.0
2026-05-12T22:10:00Z,14300.0
2026-05-12T22:15:00Z,14300.0
2026-05-12T22:20:00Z,14300.0
2026-05-12T22:25:00Z,14300.0
2026-05-12T22:30:00Z,14300.0
2026-05-12T22:35:00Z,14300.0
2026-05-12T22:40:00Z,14400.0
2026-05-12T22:45:00Z,14400.0
2026-05-12T22:50:00Z,14400.0
2026-05-12T22:55:00Z,14400.0
2026-05-12T23:00:00Z,14400.0
2026-05-12T23:05:00Z,14400.0
2026-05-12T23:10:00Z,14400.0
2026-05-12T23:15:00Z,14400.0
2026-05-12T23:20:00Z,14400.0
2026-05-12T23:25:00Z,14400.0
2026-05-12T23:30:00Z,14400.0
2026-05-12T23:35:00Z,14400.0
2026-05-12T23:40:00Z,14400.0
2026-05-12T23:45:00Z,14400.0
2026-05-12T23:50:00Z,14400.0
2026-05-12T23:55:00Z,14400.0
2026-05-13T00:00:00Z,14300.0
2026-05-13T00:05:00Z,14300.0
2026-05-13T00:10:00Z,14300.0
2026-05-13T00:15:00Z,14300.0
2026-05-13T00:20:00Z,14300.0
2026-05-13T00:25:00Z,14300.0
2026-05-13T00:30:00Z,14300.0
2026-05-13T00:35:00Z,14300.0
2026-05-13T00:40:00Z,14300.0
2026-05-13T00:45:00Z,14300.0
2026-05-13T00:50:00Z,14300.0
2026-05-13T00:55:00Z,14300.0
2026-05-13T01:00:00Z,14300.0
2026-05-13T01:05:00Z,14300.0
2026-05-13T01:10:00Z,14300.0
2026-05-13T01:15:00Z,14300.0
2026-05-13T01:20:00Z,14300.0
2026-05-13T01:25:00Z,14300.0
2026-05-13T01:30:00Z,14300.0
2026-05-13T01:35:00Z,14300.0
2026-05-13T01:40:00Z,14300.0
2026-05-13T01:45:00Z,14300.0
2026-05-13T01:50:00Z,14300.0
2026-05-13T01:55:00Z,14300.0
2026-05-13T02:00:00Z,14300.0
2026-05-13T02:05:00Z,14200.0
2026-05-13T02:10:00Z,14300.0
2026-05-13T02:15:00Z,14200.0
2026-05-13T02:20:00Z,14200.0
2026-05-13T02:25:00Z,14200.0
2026-05-13T02:30:00Z,14200.0
2026-05-13T02:35:00Z,14200.0
2026-05-13T02:40:00Z,14200.0
2026-05-13T02:45:00Z,14200.0
2026-05-13T02:50:00Z,14200.0
2026-05-13T02:55:00Z,14200.0
2026-05-13T03:00:00Z,14200.0
2026-05-13T03:05:00Z,14200.0
2026-05-13T03:10:00Z,14200.0
2026-05-13T03:15:00Z,14200.0
2026-05-13T03:20:00Z,14200.0
2026-05-13T03:25:00Z,14200.0
2026-05-13T03:30:00Z,14200.0
2026-05-13T03:35:00Z,14300.0
2026-05-13T03:40:00Z,14300.0
2026-05-13T03:45:00Z,14300.0
2026-05-13T03:50:00Z,14300.0
2026-05-13T03:55:00Z,14300.0
2026-05-13T04:00:00Z,14300.0
2026-05-13T04:05:00Z,14300.0
2026-05-13T04:10:00Z,14300.0
2026-05-13T04:15:00Z,14300.0
2026-05-13T04:20:00Z,14300.0
2026-05-13T04:25:00Z,14300.0
2026-05-13T04:30:00Z,14300.0
2026-05-13T04:35:00Z,14300.0
2026-05-13T04:40:00Z,14300.0
2026-05-13T04:45:00Z,14300.0
2026-05-13T04:50:00Z,14300.0
2026-05-13T04:55:00Z,14300.0
2026-05-13T05:00:00Z,14300.0
2026-05-13T05:05:00Z,14300.0
2026-05-13T05:10:00Z,14300.0
2026-05-13T05:15:00Z,14300.0
2026-05-13T05:20:00Z,14300.0
2026-05-13T05:25:00Z,14300.0
2026-05-13T05:30:00Z,14300.0
2026-05-13T05:35:00Z,14300.0
2026-05-13T05:40:00Z,14300.0
2026-05-13T05:45:00Z,14300.0
2026-05-13T05:50:00Z,14300.0
2026-05-13T05:55:00Z,14300.0
2026-05-13T06:00:00Z,14300.0
2026-05-13T06:05:00Z,14300.0
2026-05-13T06:10:00Z,14300.0
2026-05-13T06:15:00Z,14300.0
2026-05-13T06:20:00Z,14300.0
2026-05-13T06:25:00Z,14300.0
2026-05-13T06:30:00Z,14300.0
2026-05-13T06:35:00Z,14300.0
2026-05-13T06:40:00Z,14300.0
2026-05-13T06:45:00Z,14300.0
2026-05-13T06:50:00Z,14300.0
2026-05-13T06:55:00Z,14300.0
2026-05-13T07:00:00Z,14300.0
2026-05-13T07:05:00Z,14300.0
2026-05-13T07:10:00Z,14300.0
2026-05-13T07:15:00Z,14300.0
2026-05-13T07:20:00Z,14300.0
2026-05-13T07:25:00Z,14300.0
2026-05-13T07:30:00Z,14300.0
2026-05-13T07:35:00Z,14300.0
2026-05-13T07:40:00Z,14300.0
2026-05-13T07:45:00Z,14300.0
2026-05-13T07:50:00Z,14400.0
2026-05-13T07:55:00Z,14400.0
2026-05-13T08:00:00Z,14400.0
2026-05-13T08:05:00Z,14400.0
2026-05-13T08:10:00Z,14400.0
2026-05-13T08:15:00Z,14500.0
2026-05-13T08:20:00Z,14500.0
2026-05-13T08:25:00Z,14500.0
2026-05-13T08:30:00Z,14500.0
2026-05-13T08:35:00Z,14500.0
2026-05-13T08:40:00Z,14600.0
2026-05-13T08:45:00Z,14600.0
2026-05-13T08:50:00Z,14600.0
2026-05-13T08:55:00Z,14600.0
2026-05-13T09:00:00Z,14600.0
2026-05-13T09:05:00Z,14600.0
2026-05-13T09:10:00Z,14600.0
2026-05-13T09:15:00Z,14600.0
2026-05-13T09:20:00Z,14600.0
2026-05-13T09:25:00Z,14600.0
2026-05-13T09:30:00Z,14600.0
2026-05-13T09:35:00Z,14600.0
2026-05-13T09:40:00Z,14600.0
2026-05-13T09:45:00Z,14600.0
2026-05-13T09:50:00Z,14600.0
2026-05-13T09:55:00Z,14600.0
2026-05-13T10:00:00Z,14600.0
2026-05-13T10:05:00Z,14600.0
2026-05-13T10:10:00Z,14600.0
2026-05-13T10:15:00Z,14600.0
2026-05-13T10:20:00Z,14600.0
2026-05-13T10:25:00Z,14600.0
2026-05-13T10:30:00Z,14600.0
2026-05-13T10:35:00Z,14600.0
2026-05-13T10:40:00Z,14600.0
2026-05-13T10:45:00Z,14600.0
2026-05-13T10:50:00Z,14600.0
2026-05-13T10:55:00Z,14700.0
2026-05-13T11:00:00Z,14700.0
2026-05-13T11:05:00Z,14700.0
2026-05-13T11:10:00Z,14700.0
2026-05-13T11:15:00Z,14600.0
2026-05-13T11:20:00Z,14600.0
2026-05-13T11:25:00Z,14600.0
2026-05-13T11:30:00Z,14600.0
2026-05-13T11:35:00Z,14600.0
2026-05-13T11:40:00Z,14500.0
2026-05-13T11:45:00Z,14500.0
2026-05-13T11:50:00Z,14500.0
2026-05-13T11:55:00Z,14500.0
2026-05-13T12:00:00Z,14500.0
2026-05-13T12:05:00Z,14500.0
2026-05-13T12:10:00Z,14500.0
2026-05-13T12:15:00Z,14500.0
2026-05-13T12:20:00Z,14500.0
2026-05-13T12:25:00Z,14500.0
2026-05-13T12:30:00Z,14600.0
2026-05-13T12:35:00Z,14600.0
2026-05-13T12:40:00Z,14600.0
2026-05-13T12:45:00Z,14600.0
2026-05-13T12:50:00Z,14600.0
2026-05-13T12:55:00Z,14700.0
2026-05-13T13:00:00Z,14700.0
2026-05-13T13:05:00Z,14700.0
2026-05-13T13:10:00Z,14700.0
2026-05-13T13:15:00Z,14700.0
2026-05-13T13:20:00Z,14700.0
2026-05-13T13:25:00Z,14700.0
2026-05-13T13:30:00Z,14700.0
2026-05-13T13:35:00Z,14700.0
2026-05-13T13:40:00Z,14700.0
2026-05-13T13:45:00Z,14700.0
2026-05-13T13:50:00Z,14700.0
2026-05-13T13:55:00Z,14700.0
2026-05-13T14:00:00Z,14700.0
2026-05-13T14:05:00Z,14700.0
2026-05-13T14:10:00Z,14700.0
2026-05-13T14:15:00Z,14700.0
2026-05-13T14:20:00Z,14700.0
2026-05-13T14:25:00Z,14700.0
2026-05-13T14:30:00Z,14700.0
2026-05-13T14:35:00Z,14700.0
2026-05-13T14:40:00Z,14700.0
2026-05-13T14:45:00Z,14700.0
2026-05-13T14:50:00Z,14700.0
2026-05-13T14:55:00Z,14800.0
2026-05-13T15:00:00Z,14800.0
2026-05-13T15:05:00Z,14800.0
2026-05-13T15:10:00Z,14700.0
2026-05-13T15:15:00Z,14700.0
2026-05-13T15:20:00Z,14700.0
2026-05-13T15:25:00Z,14700.0
2026-05-13T15:30:00Z,14700.0
2026-05-13T15:35:00Z,14700.0
2026-05-13T15:40:00Z,14700.0
2026-05-13T15:45:00Z,14700.0
2026-05-13T15:50:00Z,14700.0
2026-05-13T15:55:00Z,14800.0
2026-05-13T16:00:00Z,14800.0
2026-05-13T16:05:00Z,14800.0
2026-05-13T16:10:00Z,14800.0
2026-05-13T16:15:00Z,14800.0
2026-05-13T16:20:00Z,14800.0
2026-05-13T16:25:00Z,14800.0
2026-05-13T16:30:00Z,14800.0
2026-05-13T16:35:00Z,14800.0
2026-05-13T16:40:00Z,14800.0
2026-05-13T16:45:00Z,14800.0
2026-05-13T16:50:00Z,14800.0
2026-05-13T16:55:00Z,14800.0
2026-05-13T17:00:00Z,14800.0
2026-05-13T17:05:00Z,14800.0
2026-05-13T17:10:00Z,14800.0
2026-05-13T17:15:00Z,14800.0
2026-05-13T17:20:00Z,14800.0
2026-05-13T17:25:00Z,14800.0
2026-05-13T17:30:00Z,14800.0
2026-05-13T17:35:00Z,14800.0
2026-05-13T17:40:00Z,14800.0
2026-05-13T17:45:00Z,14800.0
2026-05-13T17:50:00Z,14800.0
2026-05-13T17:55:00Z,14800.0
2026-05-13T18:00:00Z,14800.0
2026-05-13T18:05:00Z,14800.0
2026-05-13T18:10:00Z,14900.0
2026-05-13T18:15:00Z,14900.0
2026-05-13T18:20:00Z,14800.0
2026-05-13T18:25:00Z,14800.0
2026-05-13T18:30:00Z,14800.0
2026-05-13T18:35:00Z,14800.0
2026-05-13T18:40:00Z,14800.0
2026-05-13T18:45:00Z,14800.0
2026-05-13T18:50:00Z,14700.0
2026-05-13T18:55:00Z,14700.0
2026-05-13T19:00:00Z,14700.0
2026-05-13T19:05:00Z,14700.0
2026-05-13T19:10:00Z,14600.0
2026-05-13T19:15:00Z,14600.0
2026-05-13T19:20:00Z,14600.0
2026-05-13T19:25:00Z,14600.0
2026-05-13T19:30:00Z,14600.0
2026-05-13T19:35:00Z,14600.0
2026-05-13T19:40:00Z,14600.0
2026-05-13T19:45:00Z,14600.0
2026-05-13T19:50:00Z,14600.0
2026-05-13T19:55:00Z,14600.0
2026-05-13T20:00:00Z,14600.0
2026-05-13T20:05:00Z,14700.0
2026-05-13T20:10:00Z,14700.0
2026-05-13T20:15:00Z,14700.0
2026-05-13T20:20:00Z,14700.0
2026-05-13T20:25:00Z,14700.0
2026-05-13T20:30:00Z,14600.0
2026-05-13T20:35:00Z,14600.0
2026-05-13T20:40:00Z,14600.0
2026-05-13T20:45:00Z,14600.0
2026-05-13T20:50:00Z,14600.0
2026-05-13T20:55:00Z,14600.0
2026-05-13T21:00:00Z,14700.0
2026-05-13T21:05:00Z,14700.0
2026-05-13T21:10:00Z,14700.0
2026-05-13T21:15:00Z,14700.0
2026-05-13T21:20:00Z,14700.0
2026-05-13T21:25:00Z,14700.0
2026-05-13T21:30:00Z,14700.0
2026-05-13T21:35:00Z,14700.0
2026-05-13T21:40:00Z,14700.0
2026-05-13T21:45:00Z,14700.0
2026-05-13T21:50:00Z,14700.0
2026-05-13T21:55:00Z,14700.0
2026-05-13T22:00:00Z,14700.0
2026-05-13T22:05:00Z,14700.0
2026-05-13T22:10:00Z,14700.0
2026-05-13T22:15:00Z,14700.0
2026-05-13T22:20:00Z,14700.0
2026-05-13T22:25:00Z,14700.0
2026-05-13T22:30:00Z,14700.0
2026-05-13T22:35:00Z,14700.0
2026-05-13T22:40:00Z,14700.0
2026-05-13T22:45:00Z,14700.0
2026-05-13T22:50:00Z,14700.0
2026-05-13T22:55:00Z,14800.0
2026-05-13T23:00:00Z,14800.0
2026-05-13T23:05:00Z,14800.0
2026-05-13T23:10:00Z,14800.0
2026-05-13T23:15:00Z,14800.0
2026-05-13T23:20:00Z,14800.0
2026-05-13T23:25:00Z,14800.0
2026-05-13T23:30:00Z,14800.0
2026-05-13T23:35:00Z,14800.0
2026-05-13T23:40:00Z,14900.0
2026-05-13T23:45:00Z,14900.0
2026-05-13T23:50:00Z,14800.0
2026-05-13T23:55:00Z,14800.0
2026-05-14T00:00:00Z,14800.0
2026-05-14T00:05:00Z,14800.0
2026-05-14T00:10:00Z,14800.0
2026-05-14T00:15:00Z,14800.0
2026-05-14T00:20:00Z,14800.0
2026-05-14T00:25:00Z,14800.0
2026-05-14T00:30:00Z,14900.0
2026-05-14T00:35:00Z,14900.0
2026-05-14T00:40:00Z,14900.0
2026-05-14T00:45:00Z,14900.0
2026-05-14T00:50:00Z,14900.0
2026-05-14T00:55:00Z,14900.0
2026-05-14T01:00:00Z,14900.0
2026-05-14T01:05:00Z,14900.0
2026-05-14T01:10:00Z,14900.0
2026-05-14T01:15:00Z,14900.0
2026-05-14T01:20:00Z,14900.0
2026-05-14T01:25:00Z,14900.0
2026-05-14T01:30:00Z,14900.0
2026-05-14T01:35:00Z,14900.0
2026-05-14T01:40:00Z,14900.0
2026-05-14T01:45:00Z,15000.0
2026-05-14T01:50:00Z,15000.0
2026-05-14T01:55:00Z,15000.0
2026-05-14T02:00:00Z,15000.0
2026-05-14T02:05:00Z,15000.0
2026-05-14T02:10:00Z,15000.0
2026-05-14T02:15:00Z,15000.0
2026-05-14T02:20:00Z,15000.0
2026-05-14T02:25:00Z,14900.0
2026-05-14T02:30:00Z,14900.0
2026-05-14T02:35:00Z,14900.0
2026-05-14T02:40:00Z,14900.0
2026-05-14T02:45:00Z,14900.0
2026-05-14T02:50:00Z,14900.0
2026-05-14T02:55:00Z,14900.0
2026-05-14T03:00:00Z,14900.0
2026-05-14T03:05:00Z,14900.0
2026-05-14T03:10:00Z,14900.0
2026-05-14T03:15:00Z,14900.0
2026-05-14T03:20:00Z,14900.0
2026-05-14T03:25:00Z,14900.0
2026-05-14T03:30:00Z,14900.0
2026-05-14T03:35:00Z,15000.0
2026-05-14T03:40:00Z,15000.0
2026-05-14T03:45:00Z,15000.0
2026-05-14T03:50:00Z,15000.0
2026-05-14T03:55:00Z,15000.0
2026-05-14T04:00:00Z,15000.0
2026-05-14T04:05:00Z,14900.0
2026-05-14T04:10:00Z,15000.0
2026-05-14T04:15:00Z,15000.0
2026-05-14T04:20:00Z,15000.0
2026-05-14T04:25:00Z,15000.0
2026-05-14T04:30:00Z,15000.0
2026-05-14T04:35:00Z,15000.0
2026-05-14T04:40:00Z,15000.0
2026-05-14T04:45:00Z,15000.0
2026-05-14T04:50:00Z,15000.0
2026-05-14T04:55:00Z,15000.0
2026-05-14T05:00:00Z,15000.0
2026-05-14T05:05:00Z,15000.0
2026-05-14T05:10:00Z,15000.0
2026-05-14T05:15:00Z,15000.0
2026-05-14T05:20:00Z,15000.0
2026-05-14T05:25:00Z,15000.0
2026-05-14T05:30:00Z,15000.0
2026-05-14T05:35:00Z,15100.0
2026-05-14T05:40:00Z,15100.0
2026-05-14T05:45:00Z,15100.0
2026-05-14T05:50:00Z,15200.0
2026-05-14T05:55:00Z,15200.0
2026-05-14T06:00:00Z,15200.0
2026-05-14T06:05:00Z,15300.0
2026-05-14T06:10:00Z,15300.0
2026-05-14T06:15:00Z,15400.0
2026-05-14T06:20:00Z,15400.0
2026-05-14T06:25:00Z,15400.0
2026-05-14T06:30:00Z,15500.0
2026-05-14T06:35:00Z,15600.0
2026-05-14T06:40:00Z,15700.0
2026-05-14T06:45:00Z,15700.0
2026-05-14T06:50:00Z,15800.0
2026-05-14T06:55:00Z,15800.0
2026-05-14T07:00:00Z,15800.0
2026-05-14T07:05:00Z,15800.0
2026-05-14T07:10:00Z,15800.0
2026-05-14T07:15:00Z,15800.0
2026-05-14T07:20:00Z,15800.0
2026-05-14T07:25:00Z,15800.0
2026-05-14T07:30:00Z,15700.0
2026-05-14T07:35:00Z,15800.0
2026-05-14T07:40:00Z,15800.0
2026-05-14T07:45:00Z,15800.0
2026-05-14T07:50:00Z,15800.0
2026-05-14T07:55:00Z,15800.0
2026-05-14T08:00:00Z,15900.0
2026-05-14T08:05:00Z,15900.0
2026-05-14T08:10:00Z,15900.0
2026-05-14T08:15:00Z,15900.0
2026-05-14T08:20:00Z,15900.0
2026-05-14T08:25:00Z,15900.0
2026-05-14T08:30:00Z,15900.0
2026-05-14T08:35:00Z,15900.0
2026-05-14T08:40:00Z,15900.0
2026-05-14T08:45:00Z,15900.0
2026-05-14T08:50:00Z,15900.0
2026-05-14T08:55:00Z,15900.0
2026-05-14T09:00:00Z,16000.0
2026-05-14T09:05:00Z,16000.0
2026-05-14T09:10:00Z,16000.0
2026-05-14T09:15:00Z,16100.0
2026-05-14T09:20:00Z,16100.0
2026-05-14T09:25:00Z,16100.0
2026-05-14T09:30:00Z,16100.0
2026-05-14T09:35:00Z,16200.0
2026-05-14T09:40:00Z,16200.0
2026-05-14T09:45:00Z,16200.0
2026-05-14T09:50:00Z,16200.0
2026-05-14T09:55:00Z,16300.0
2026-05-14T10:00:00Z,16300.0
2026-05-14T10:05:00Z,16300.0
2026-05-14T10:10:00Z,16400.0
2026-05-14T10:15:00Z,16500.0
2026-05-14T10:20:00Z,16600.0
2026-05-14T10:25:00Z,16600.0
2026-05-14T10:30:00Z,16700.0
2026-05-14T10:35:00Z,16700.0
2026-05-14T10:40:00Z,16700.0
2026-05-14T10:45:00Z,16700.0
2026-05-14T10:50:00Z,16700.0
2026-05-14T10:55:00Z,16700.0
2026-05-14T11:00:00Z,16700.0
2026-05-14T11:05:00Z,16700.0
2026-05-14T11:10:00Z,16700.0
2026-05-14T11:15:00Z,16800.0
2026-05-14T11:20:00Z,16800.0
2026-05-14T11:25:00Z,16800.0
2026-05-14T11:30:00Z,16900.0
2026-05-14T11:35:00Z,16900.0
2026-05-14T11:40:00Z,17000.0
2026-05-14T11:45:00Z,17000.0
2026-05-14T11:50:00Z,17000.0
2026-05-14T11:55:00Z,17000.0
2026-05-14T12:00:00Z,17000.0
2026-05-14T12:05:00Z,17000.0
2026-05-14T12:10:00Z,17000.0
2026-05-14T12:15:00Z,17000.0
2026-05-14T12:20:00Z,17000.0
2026-05-14T12:25:00Z,17000.0
2026-05-14T12:30:00Z,17000.0
2026-05-14T12:35:00Z,17000.0
2026-05-14T12:40:00Z,17000.0
2026-05-14T12:45:00Z,17100.0
2026-05-14T12:50:00Z,17100.0
2026-05-14T12:55:00Z,17000.0
2026-05-14T13:00:00Z,17000.0
2026-05-14T13:05:00Z,17000.0
2026-05-14T13:10:00Z,17000.0
2026-05-14T13:15:00Z,17000.0
2026-05-14T13:20:00Z,17100.0
2026-05-14T13:25:00Z,17200.0
2026-05-14T13:30:00Z,17300.0
2026-05-14T13:35:00Z,17500.0
2026-05-14T13:40:00Z,18200.0
2026-05-14T13:45:00Z,18300.0
2026-05-14T13:50:00Z,18400.0
2026-05-14T13:55:00Z,18600.0
2026-05-14T14:00:00Z,18700.0
2026-05-14T14:05:00Z,18700.0
2026-05-14T14:10:00Z,18800.0
2026-05-14T14:15:00Z,18900.0
2026-05-14T14:20:00Z,18900.0
2026-05-14T14:25:00Z,19100.0
2026-05-14T14:30:00Z,19100.0
2026-05-14T14:35:00Z,19100.0
2026-05-14T14:40:00Z,19100.0
2026-05-14T14:45:00Z,19200.0
2026-05-14T14:50:00Z,19200.0
2026-05-14T14:55:00Z,19200.0
2026-05-14T15:00:00Z,19200.0
2026-05-14T15:05:00Z,19300.0
2026-05-14T15:10:00Z,19300.0
2026-05-14T15:15:00Z,19400.0
2026-05-14T15:20:00Z,19400.0
2026-05-14T15:25:00Z,19500.0
2026-05-14T15:30:00Z,19500.0
2026-05-14T15:35:00Z,19600.0
2026-05-14T15:40:00Z,19700.0
2026-05-14T15:45:00Z,19800.0
2026-05-14T15:50:00Z,19900.0
2026-05-14T15:55:00Z,20000.0
2026-05-14T16:00:00Z,20100.0
2026-05-14T16:05:00Z,20300.0
2026-05-14T16:10:00Z,20400.0
2026-05-14T16:15:00Z,20600.0
2026-05-14T16:20:00Z,20800.0
2026-05-14T16:25:00Z,20900.0
2026-05-14T16:30:00Z,21100.0
2026-05-14T16:35:00Z,21300.0
2026-05-14T16:40:00Z,21500.0
2026-05-14T16:45:00Z,21600.0
2026-05-14T16:50:00Z,21800.0
2026-05-14T16:55:00Z,22000.0
2026-05-14T17:00:00Z,22200.0
2026-05-14T17:05:00Z,22400.0
2026-05-14T17:10:00Z,22600.0
2026-05-14T17:15:00Z,22800.0
2026-05-14T17:20:00Z,23100.0
2026-05-14T17:25:00Z,23200.0
2026-05-14T17:30:00Z,23400.0
2026-05-14T17:35:00Z,23600.0
2026-05-14T17:40:00Z,23800.0
2026-05-14T17:45:00Z,24000.0
2026-05-14T17:50:00Z,24100.0
2026-05-14T17:55:00Z,24300.0
2026-05-14T18:00:00Z,24400.0
2026-05-14T18:05:00Z,24600.0
2026-05-14T18:10:00Z,24800.0
2026-05-14T18:15:00Z,25100.0
2026-05-14T18:20:00Z,25300.0
2026-05-14T18:25:00Z,26000.0
2026-05-14T18:30:00Z,26100.0
2026-05-14T18:35:00Z,26300.0
2026-05-14T18:40:00Z,26600.0
2026-05-14T18:45:00Z,26800.0
2026-05-14T18:50:00Z,27100.0
2026-05-14T18:55:00Z,27300.0
2026-05-14T19:00:00Z,27500.0
2026-05-14T19:05:00Z,27700.0
2026-05-14T19:10:00Z,27800.0
2026-05-14T19:15:00Z,28000.0
2026-05-14T19:20:00Z,28200.0
2026-05-14T19:25:00Z,28400.0
2026-05-14T19:30:00Z,28400.0
2026-05-14T19:35:00Z,28700.0
2026-05-14T19:40:00Z,28800.0
2026-05-14T19:45:00Z,28900.0
2026-05-14T19:50:00Z,29200.0
2026-05-14T19:55:00Z,29500.0
2026-05-14T20:00:00Z,29800.0
2026-05-14T20:05:00Z,30100.0
2026-05-14T20:10:00Z,30400.0
2026-05-14T20:15:00Z,30600.0
2026-05-14T20:20:00Z,31600.0
2026-05-14T20:25:00Z,31500.0
2026-05-14T20:30:00Z,31600.0
2026-05-14T20:35:00Z,31700.0
2026-05-14T20:40:00Z,31900.0
2026-05-14T20:45:00Z,32200.0
2026-05-14T20:50:00Z,32400.0
2026-05-14T20:55:00Z,32700.0
2026-05-14T21:00:00Z,33500.0
2026-05-14T21:05:00Z,33700.0
2026-05-14T21:10:00Z,34000.0
2026-05-14T21:15:00Z,34100.0
2026-05-14T21:20:00Z,34400.0
2026-05-14T21:25:00Z,34600.0
2026-05-14T21:30:00Z,34900.0
2026-05-14T21:35:00Z,35800.0
2026-05-14T21:40:00Z,35800.0
2026-05-14T21:45:00Z,35900.0
2026-05-14T21:50:00Z,36000.0
2026-05-14T21:55:00Z,36200.0
2026-05-14T22:00:00Z,36400.0
2026-05-14T22:05:00Z,37400.0
2026-05-14T22:10:00Z,37600.0
2026-05-14T22:15:00Z,37800.0
2026-05-14T22:20:00Z,38200.0
2026-05-14T22:25:00Z,38400.0
2026-05-14T22:30:00Z,38800.0
2026-05-14T22:35:00Z,39800.0
2026-05-14T22:40:00Z,39900.0
2026-05-14T22:45:00Z,40300.0
2026-05-14T22:50:00Z,40600.0
2026-05-14T22:55:00Z,41700.0
2026-05-14T23:00:00Z,41800.0
2026-05-14T23:05:00Z,42100.0
2026-05-14T23:10:00Z,43200.0
2026-05-14T23:15:00Z,43400.0
2026-05-14T23:20:00Z,43600.0
2026-05-14T23:25:00Z,44800.0
2026-05-14T23:30:00Z,44800.0
2026-05-14T23:35:00Z,45100.0
2026-05-14T23:40:00Z,45300.0
2026-05-14T23:45:00Z,45700.0
2026-05-14T23:50:00Z,46900.0
2026-05-14T23:55:00Z,48000.0
2026-05-15T00:00:00Z,48200.0
2026-05-15T00:05:00Z,48600.0
2026-05-15T00:10:00Z,49900.0
2026-05-15T00:15:00Z,50300.0
2026-05-15T00:20:00Z,52000.0
2026-05-15T00:25:00Z,52200.0
2026-05-15T00:30:00Z,53500.0
2026-05-15T00:35:00Z,54800.0
2026-05-15T00:40:00Z,55000.0
2026-05-15T00:45:00Z,56300.0
2026-05-15T00:50:00Z,56700.0
2026-05-15T00:55:00Z,57000.0
2026-05-15T01:00:00Z,58200.0
2026-05-15T01:05:00Z,59800.0
2026-05-15T01:10:00Z,59800.0
2026-05-15T01:15:00Z,60300.0
2026-05-15T01:20:00Z,61600.0
2026-05-15T01:25:00Z,61900.0
2026-05-15T01:30:00Z,63300.0
2026-05-15T01:35:00Z,64800.0
2026-05-15T01:40:00Z,64800.0
2026-05-15T01:45:00Z,66500.0
2026-05-15T01:50:00Z,66600.0
2026-05-15T01:55:00Z,67100.0
2026-05-15T02:00:00Z,70100.0
2026-05-15T02:05:00Z,70100.0
2026-05-15T02:10:00Z,70400.0
2026-05-15T02:15:00Z,72000.0
2026-05-15T02:20:00Z,73500.0
2026-05-15T02:25:00Z,74700.0
2026-05-15T02:30:00Z,75000.0
2026-05-15T02:35:00Z,76600.0
2026-05-15T02:40:00Z,78200.0
2026-05-15T02:45:00Z,79900.0
2026-05-15T02:50:00Z,81400.0
2026-05-15T02:55:00Z,81600.0
2026-05-15T03:00:00Z,83400.0
2026-05-15T03:05:00Z,86500.0
2026-05-15T03:10:00Z,86300.0
2026-05-15T03:15:00Z,87000.0
2026-05-15T03:20:00Z,89400.0
2026-05-15T03:25:00Z,91900.0
2026-05-15T03:30:00Z,92200.0
2026-05-15T03:35:00Z,93900.0
2026-05-15T03:40:00Z,95400.0
2026-05-15T03:45:00Z,97400.0
2026-05-15T03:50:00Z,97700.0
2026-05-15T03:55:00Z,101000.0
2026-05-15T04:00:00Z,101000.0
2026-05-15T04:05:00Z,103000.0
2026-05-15T04:10:00Z,103000.0
2026-05-15T04:15:00Z,105000.0
2026-05-15T04:20:00Z,105000.0
2026-05-15T04:25:00Z,106000.0
2026-05-15T04:30:00Z,106000.0
2026-05-15T04:35:00Z,108000.0
2026-05-15T04:40:00Z,108000.0
2026-05-15T04:45:00Z,110000.0
2026-05-15T04:50:00Z,111000.0
2026-05-15T04:55:00Z,112000.0
2026-05-15T05:00:00Z,112000.0
2026-05-15T05:05:00Z,113000.0
2026-05-15T05:10:00Z,113000.0
2026-05-15T05:15:00Z,115000.0
2026-05-15T05:20:00Z,115000.0
2026-05-15T05:25:00Z,115000.0
2026-05-15T05:30:00Z,118000.0
2026-05-15T05:35:00Z,118000.0
2026-05-15T05:40:00Z,120000.0
2026-05-15T05:45:00Z,120000.0
2026-05-15T05:50:00Z,122000.0
2026-05-15T05:55:00Z,122000.0
2026-05-15T06:00:00Z,123000.0
2026-05-15T06:05:00Z,125000.0
2026-05-15T06:10:00Z,125000.0
2026-05-15T06:15:00Z,127000.0
2026-05-15T06:20:00Z,127000.0
2026-05-15T06:25:00Z,129000.0
2026-05-15T06:30:00Z,131000.0
2026-05-15T06:35:00Z,134000.0
2026-05-15T06:40:00Z,131000.0
2026-05-15T06:45:00Z,134000.0
2026-05-15T06:50:00Z,136000.0
2026-05-15T06:55:00Z,136000.0
2026-05-15T07:00:00Z,141000.0
2026-05-15T07:05:00Z,140000.0
2026-05-15T07:10:00Z,142000.0
2026-05-15T07:15:00Z,142000.0
2026-05-15T07:20:00Z,142000.0
2026-05-15T07:25:00Z,148000.0
2026-05-15T07:30:00Z,144000.0
2026-05-15T07:35:00Z,148000.0
2026-05-15T07:40:00Z,148000.0
2026-05-15T07:45:00Z,150000.0
2026-05-15T07:50:00Z,150000.0
2026-05-15T07:55:00Z,150000.0
2026-05-15T08:00:00Z,150000.0
2026-05-15T08:05:00Z,154000.0
2026-05-15T08:10:00Z,153000.0
2026-05-15T08:15:00Z,154000.0
2026-05-15T08:20:00Z,158000.0
2026-05-15T08:25:00Z,157000.0
2026-05-15T08:30:00Z,157000.0
2026-05-15T08:35:00Z,158000.0
2026-05-15T08:40:00Z,161000.0
2026-05-15T08:45:00Z,161000.0
2026-05-15T08:50:00Z,163000.0
2026-05-15T08:55:00Z,163000.0
2026-05-15T09:00:00Z,165000.0
2026-05-15T09:05:00Z,166000.0
2026-05-15T09:10:00Z,166000.0
2026-05-15T09:15:00Z,166000.0
2026-05-15T09:20:00Z,167000.0
2026-05-15T09:25:00Z,167000.0
2026-05-15T09:30:00Z,169000.0
2026-05-15T09:35:00Z,169000.0
2026-05-15T09:40:00Z,170000.0
2026-05-15T09:45:00Z,173000.0
2026-05-15T09:50:00Z,174000.0
2026-05-15T09:55:00Z,177000.0
2026-05-15T10:00:00Z,177000.0
2026-05-15T10:05:00Z,179000.0
2026-05-15T10:10:00Z,179000.0
2026-05-15T10:15:00Z,182000.0
2026-05-15T10:20:00Z,182000.0
2026-05-15T10:25:00Z,184000.0
2026-05-15T10:30:00Z,184000.0
2026-05-15T10:35:00Z,188000.0
2026-05-15T10:40:00Z,184000.0
2026-05-15T10:45:00Z,187000.0
2026-05-15T10:50:00Z,190000.0
2026-05-15T10:55:00Z,189000.0
2026-05-15T11:00:00Z,192000.0
2026-05-15T11:05:00Z,190000.0
2026-05-15T11:10:00Z,193000.0
2026-05-15T11:15:00Z,193000.0
2026-05-15T11:20:00Z,195000.0
2026-05-15T11:25:00Z,195000.0
2026-05-15T11:30:00Z,197000.0
2026-05-15T11:35:00Z,199000.0
2026-05-15T11:40:00Z,196000.0
2026-05-15T11:45:00Z,198000.0
2026-05-15T11:50:00Z,199000.0
2026-05-15T11:55:00Z,202000.0
2026-05-15T12:00:00Z,199000.0
2026-05-15T12:05:00Z,202000.0
2026-05-15T12:10:00Z,202000.0
2026-05-15T12:15:00Z,202000.0
2026-05-15T12:20:00Z,201000.0
2026-05-15T12:25:00Z,199000.0
2026-05-15T12:30:00Z,204000.0
2026-05-15T12:35:00Z,201000.0
2026-05-15T12:40:00Z,201000.0
2026-05-15T12:45:00Z,197000.0
2026-05-15T12:50:00Z,202000.0
2026-05-15T12:55:00Z,200000.0
2026-05-15T13:00:00Z,200000.0
2026-05-15T13:05:00Z,200000.0
2026-05-15T13:10:00Z,200000.0
2026-05-15T13:15:00Z,199000.0
2026-05-15T13:20:00Z,199000.0
2026-05-15T13:25:00Z,200000.0
2026-05-15T13:30:00Z,201000.0
2026-05-15T13:35:00Z,197000.0
2026-05-15T13:40:00Z,199000.0
2026-05-15T13:45:00Z,199000.0
2026-05-15T13:50:00Z,200000.0
2026-05-15T13:55:00Z,200000.0
2026-05-15T14:00:00Z,203000.0
2026-05-15T14:05:00Z,201000.0
2026-05-15T14:10:00Z,198000.0
2026-05-15T14:15:00Z,198000.0
2026-05-15T14:20:00Z,198000.0
2026-05-15T14:25:00Z,198000.0
2026-05-15T14:30:00Z,198000.0
2026-05-15T14:35:00Z,196000.0
2026-05-15T14:40:00Z,196000.0
2026-05-15T14:45:00Z,196000.0
2026-05-15T14:50:00Z,197000.0
2026-05-15T14:55:00Z,197000.0
2026-05-15T15:00:00Z,197000.0
2026-05-15T15:05:00Z,193000.0
2026-05-15T15:10:00Z,194000.0
2026-05-15T15:15:00Z,193000.0
2026-05-15T15:20:00Z,194000.0
2026-05-15T15:25:00Z,195000.0
2026-05-15T15:30:00Z,191000.0
2026-05-15T15:35:00Z,192000.0
2026-05-15T15:40:00Z,191000.0
2026-05-15T15:45:00Z,191000.0
2026-05-15T15:50:00Z,191000.0
2026-05-15T15:55:00Z,191000.0
2026-05-15T16:00:00Z,188000.0
2026-05-15T16:05:00Z,189000.0
2026-05-15T16:10:00Z,185000.0
2026-05-15T16:15:00Z,186000.0
2026-05-15T16:20:00Z,186000.0
2026-05-15T16:25:00Z,185000.0
2026-05-15T16:30:00Z,182000.0
2026-05-15T16:35:00Z,183000.0
2026-05-15T16:40:00Z,182000.0
2026-05-15T16:45:00Z,180000.0
2026-05-15T16:50:00Z,180000.0
2026-05-15T16:55:00Z,179000.0
2026-05-15T17:00:00Z,179000.0
2026-05-15T17:05:00Z,179000.0
2026-05-15T17:10:00Z,177000.0
2026-05-15T17:15:00Z,176000.0
2026-05-15T17:20:00Z,174000.0
2026-05-15T17:25:00Z,174000.0
2026-05-15T17:30:00Z,172000.0
2026-05-15T17:35:00Z,172000.0
2026-05-15T17:40:00Z,172000.0
2026-05-15T17:45:00Z,172000.0
2026-05-15T17:50:00Z,169000.0
2026-05-15T17:55:00Z,169000.0
2026-05-15T18:00:00Z,169000.0
2026-05-15T18:05:00Z,166000.0
2026-05-15T18:10:00Z,166000.0
2026-05-15T18:15:00Z,166000.0
2026-05-15T18:20:00Z,165000.0
2026-05-15T18:25:00Z,163000.0
2026-05-15T18:30:00Z,163000.0
2026-05-15T18:35:00Z,163000.0
2026-05-15T18:40:00Z,161000.0
2026-05-15T18:45:00Z,161000.0
2026-05-15T18:50:00Z,159000.0
2026-05-15T18:55:00Z,159000.0
2026-05-15T19:00:00Z,159000.0
2026-05-15T19:05:00Z,159000.0
2026-05-15T19:10:00Z,156000.0
2026-05-15T19:15:00Z,156000.0
2026-05-15T19:20:00Z,156000.0
2026-05-15T19:25:00Z,156000.0
2026-05-15T19:30:00Z,153000.0
2026-05-15T19:35:00Z,155000.0
2026-05-15T19:40:00Z,152000.0
2026-05-15T19:45:00Z,152000.0
2026-05-15T19:50:00Z,151000.0
2026-05-15T19:55:00Z,151000.0
2026-05-15T20:00:00Z,151000.0
2026-05-15T20:05:00Z,149000.0
2026-05-15T20:10:00Z,148000.0
2026-05-15T20:15:00Z,148000.0
2026-05-15T20:20:00Z,148000.0
2026-05-15T20:25:00Z,144000.0
2026-05-15T20:30:00Z,145000.0
2026-05-15T20:35:00Z,145000.0
2026-05-15T20:40:00Z,145000.0
2026-05-15T20:45:00Z,142000.0
2026-05-15T20:50:00Z,142000.0
2026-05-15T20:55:00Z,141000.0
2026-05-15T21:00:00Z,141000.0
2026-05-15T21:05:00Z,141000.0
2026-05-15T21:10:00Z,141000.0
2026-05-15T21:15:00Z,139000.0
2026-05-15T21:20:00Z,139000.0
2026-05-15T21:25:00Z,139000.0
2026-05-15T21:30:00Z,138000.0
2026-05-15T21:35:00Z,136000.0
2026-05-15T21:40:00Z,137000.0
2026-05-15T21:45:00Z,136000.0
2026-05-15T21:50:00Z,133000.0
2026-05-15T21:55:00Z,135000.0
2026-05-15T22:00:00Z,133000.0
2026-05-15T22:05:00Z,133000.0
2026-05-15T22:10:00Z,133000.0
2026-05-15T22:15:00Z,131000.0
2026-05-15T22:20:00Z,131000.0
2026-05-15T22:25:00Z,131000.0
2026-05-15T22:30:00Z,131000.0
2026-05-15T22:35:00Z,129000.0
2026-05-15T22:40:00Z,128000.0
2026-05-15T22:45:00Z,129000.0
2026-05-15T22:50:00Z,127000.0
2026-05-15T22:55:00Z,127000.0
2026-05-15T23:00:00Z,127000.0
2026-05-15T23:05:00Z,127000.0
2026-05-15T23:10:00Z,126000.0
2026-05-15T23:15:00Z,124000.0
2026-05-15T23:20:00Z,124000.0
2026-05-15T23:25:00Z,124000.0
2026-05-15T23:30:00Z,122000.0
2026-05-15T23:35:00Z,122000.0
2026-05-15T23:40:00Z,122000.0
2026-05-15T23:45:00Z,122000.0
2026-05-15T23:50:00Z,122000.0
2026-05-15T23:55:00Z,120000.0
2026-05-16T00:00:00Z,120000.0
2026-05-16T00:05:00Z,120000.0
2026-05-16T00:10:00Z,120000.0
2026-05-16T00:15:00Z,120000.0
2026-05-16T00:20:00Z,119000.0
2026-05-16T00:25:00Z,119000.0
2026-05-16T00:30:00Z,118000.0
2026-05-16T00:35:00Z,118000.0
2026-05-16T00:40:00Z,116000.0
2026-05-16T00:45:00Z,116000.0
2026-05-16T00:50:00Z,116000.0
2026-05-16T00:55:00Z,114000.0
2026-05-16T01:00:00Z,115000.0
2026-05-16T01:05:00Z,115000.0
2026-05-16T01:10:00Z,115000.0
2026-05-16T01:15:00Z,114000.0
2026-05-16T01:20:00Z,113000.0
2026-05-16T01:25:00Z,113000.0
2026-05-16T01:30:00Z,112000.0
2026-05-16T01:35:00Z,112000.0
2026-05-16T01:40:00Z,112000.0
2026-05-16T01:45:00Z,112000.0
2026-05-16T01:50:00Z,110000.0
2026-05-16T01:55:00Z,110000.0
2026-05-16T02:00:00Z,110000.0
2026-05-16T02:05:00Z,109000.0
2026-05-16T02:10:00Z,109000.0
2026-05-16T02:15:00Z,109000.0
2026-05-16T02:20:00Z,107000.0
2026-05-16T02:25:00Z,107000.0
2026-05-16T02:30:00Z,107000.0
2026-05-16T02:35:00Z,107000.0
2026-05-16T02:40:00Z,107000.0
2026-05-16T02:45:00Z,107000.0
2026-05-16T02:50:00Z,107000.0
2026-05-16T02:55:00Z,105000.0
2026-05-16T03:00:00Z,105000.0
2026-05-16T03:05:00Z,105000.0
2026-05-16T03:10:00Z,103000.0
2026-05-16T03:15:00Z,105000.0
2026-05-16T03:20:00Z,105000.0
2026-05-16T03:25:00Z,104000.0
2026-05-16T03:30:00Z,104000.0
2026-05-16T03:35:00Z,104000.0
2026-05-16T03:40:00Z,102000.0
2026-05-16T03:45:00Z,102000.0
2026-05-16T03:50:00Z,102000.0
2026-05-16T03:55:00Z,102000.0
2026-05-16T04:00:00Z,102000.0
2026-05-16T04:05:00Z,101000.0
2026-05-16T04:10:00Z,101000.0
2026-05-16T04:15:00Z,99900.0
2026-05-16T04:20:00Z,100000.0
2026-05-16T04:25:00Z,100000.0
2026-05-16T04:30:00Z,100000.0
2026-05-16T04:35:00Z,99900.0
2026-05-16T04:40:00Z,99700.0
2026-05-16T04:45:00Z,98300.0
2026-05-16T04:50:00Z,98300.0
2026-05-16T04:55:00Z,98400.0
2026-05-16T05:00:00Z,98400.0
2026-05-16T05:05:00Z,98400.0
2026-05-16T05:10:00Z,98300.0
2026-05-16T05:15:00Z,98100.0
2026-05-16T05:20:00Z,98000.0
2026-05-16T05:25:00Z,97900.0
2026-05-16T05:30:00Z,98000.0
2026-05-16T05:35:00Z,97700.0
2026-05-16T05:40:00Z,97600.0
2026-05-16T05:45:00Z,97300.0
2026-05-16T05:50:00Z,97100.0
2026-05-16T05:55:00Z,96900.0
2026-05-16T06:00:00Z,96600.0
2026-05-16T06:05:00Z,96400.0
2026-05-16T06:10:00Z,94700.0
2026-05-16T06:15:00Z,94000.0
2026-05-16T06:20:00Z,95700.0
2026-05-16T06:25:00Z,95700.0
2026-05-16T06:30:00Z,95700.0
2026-05-16T06:35:00Z,95300.0
2026-05-16T06:40:00Z,95100.0
2026-05-16T06:45:00Z,95000.0
2026-05-16T06:50:00Z,94700.0
2026-05-16T06:55:00Z,94700.0
2026-05-16T07:00:00Z,94300.0
2026-05-16T07:05:00Z,94200.0
2026-05-16T07:10:00Z,94000.0
2026-05-16T07:15:00Z,94000.0
2026-05-16T07:20:00Z,94000.0
2026-05-16T07:25:00Z,93900.0
2026-05-16T07:30:00Z,93700.0
2026-05-16T07:35:00Z,91600.0
2026-05-16T07:40:00Z,91900.0
2026-05-16T07:45:00Z,92300.0
2026-05-16T07:50:00Z,92500.0
2026-05-16T07:55:00Z,92500.0
2026-05-16T08:00:00Z,92500.0
2026-05-16T08:05:00Z,92500.0
2026-05-16T08:10:00Z,92100.0
2026-05-16T08:15:00Z,92100.0
2026-05-16T08:20:00Z,91500.0
2026-05-16T08:25:00Z,91500.0
2026-05-16T08:30:00Z,91500.0
2026-05-16T08:35:00Z,91400.0
2026-05-16T08:40:00Z,91400.0
2026-05-16T08:45:00Z,91200.0
2026-05-16T08:50:00Z,91000.0
2026-05-16T08:55:00Z,89400.0
2026-05-16T09:00:00Z,89700.0
2026-05-16T09:05:00Z,90000.0
2026-05-16T09:10:00Z,90300.0
2026-05-16T09:15:00Z,90300.0
2026-05-16T09:20:00Z,90400.0
2026-05-16T09:25:00Z,90300.0
2026-05-16T09:30:00Z,90400.0
2026-05-16T09:35:00Z,90300.0
2026-05-16T09:40:00Z,90100.0
2026-05-16T09:45:00Z,89900.0
2026-05-16T09:50:00Z,90000.0
2026-05-16T09:55:00Z,89900.0
2026-05-16T10:00:00Z,90000.0
2026-05-16T10:05:00Z,89900.0
2026-05-16T10:10:00Z,89700.0
2026-05-16T10:15:00Z,89600.0
2026-05-16T10:20:00Z,89300.0
2026-05-16T10:25:00Z,89300.0
2026-05-16T10:30:00Z,89300.0
2026-05-16T10:35:00Z,89400.0
2026-05-16T10:40:00Z,89400.0
2026-05-16T10:45:00Z,89600.0
2026-05-16T10:50:00Z,89300.0
2026-05-16T10:55:00Z,89300.0
2026-05-16T11:00:00Z,89200.0
2026-05-16T11:05:00Z,89200.0
2026-05-16T11:10:00Z,88900.0
2026-05-16T11:15:00Z,88900.0
2026-05-16T11:20:00Z,88900.0
2026-05-16T11:25:00Z,88800.0
2026-05-16T11:30:00Z,89000.0
2026-05-16T11:35:00Z,88900.0
2026-05-16T11:40:00Z,89000.0
2026-05-16T11:45:00Z,87300.0
2026-05-16T11:50:00Z,89000.0
2026-05-16T11:55:00Z,88800.0
2026-05-16T12:00:00Z,88500.0
2026-05-16T12:05:00Z,88400.0
2026-05-16T12:10:00Z,88400.0
2026-05-16T12:15:00Z,88400.0
2026-05-16T12:20:00Z,88200.0
2026-05-16T12:25:00Z,88100.0
2026-05-16T12:30:00Z,87900.0
2026-05-16T12:35:00Z,87900.0
2026-05-16T12:40:00Z,87900.0
2026-05-16T12:45:00Z,87700.0
2026-05-16T12:50:00Z,87700.0
2026-05-16T12:55:00Z,87500.0
2026-05-16T13:00:00Z,87400.0
2026-05-16T13:05:00Z,87400.0
2026-05-16T13:10:00Z,87100.0
2026-05-16T13:15:00Z,87100.0
2026-05-16T13:20:00Z,87100.0
2026-05-16T13:25:00Z,86900.0
2026-05-16T13:30:00Z,86900.0
2026-05-16T13:35:00Z,86700.0
2026-05-16T13:40:00Z,85900.0
2026-05-16T13:45:00Z,86100.0
2026-05-16T13:50:00Z,86200.0
2026-05-16T13:55:00Z,86100.0
2026-05-16T14:00:00Z,86200.0
2026-05-16T14:05:00Z,86100.0
2026-05-16T14:10:00Z,85800.0
2026-05-16T14:15:00Z,85700.0
2026-05-16T14:20:00Z,85400.0
2026-05-16T14:25:00Z,85400.0
2026-05-16T14:30:00Z,85300.0
2026-05-16T14:35:00Z,85300.0
2026-05-16T14:40:00Z,85000.0
2026-05-16T14:45:00Z,84900.0
2026-05-16T14:50:00Z,84700.0
2026-05-16T14:55:00Z,84700.0
2026-05-16T15:00:00Z,84600.0
2026-05-16T15:05:00Z,84200.0
2026-05-16T15:10:00Z,84200.0
2026-05-16T15:15:00Z,83900.0
2026-05-16T15:20:00Z,83900.0
2026-05-16T15:25:00Z,83800.0
2026-05-16T15:30:00Z,83700.0
2026-05-16T15:35:00Z,83700.0
2026-05-16T15:40:00Z,83400.0
2026-05-16T15:45:00Z,83300.0
2026-05-16T15:50:00Z,83100.0
2026-05-16T15:55:00Z,82900.0
2026-05-16T16:00:00Z,82600.0
2026-05-16T16:05:00Z,82700.0
2026-05-16T16:10:00Z,82600.0
2026-05-16T16:15:00Z,82500.0
2026-05-16T16:20:00Z,82400.0
2026-05-16T16:25:00Z,82400.0
2026-05-16T16:30:00Z,82100.0
2026-05-16T16:35:00Z,81800.0
2026-05-16T16:40:00Z,81700.0
2026-05-16T16:45:00Z,81700.0
2026-05-16T16:50:00Z,81400.0
2026-05-16T16:55:00Z,81300.0
2026-05-16T17:00:00Z,81200.0
2026-05-16T17:05:00Z,81200.0
2026-05-16T17:10:00Z,80900.0
2026-05-16T17:15:00Z,80700.0
2026-05-16T17:20:00Z,80700.0
2026-05-16T17:25:00Z,80700.0
2026-05-16T17:30:00Z,80300.0
2026-05-16T17:35:00Z,80100.0
2026-05-16T17:40:00Z,80000.0
2026-05-16T17:45:00Z,79900.0
2026-05-16T17:50:00Z,79900.0
2026-05-16T17:55:00Z,79500.0
2026-05-16T18:00:00Z,79400.0
2026-05-16T18:05:00Z,79100.0
2026-05-16T18:10:00Z,79000.0
2026-05-16T18:15:00Z,78700.0
2026-05-16T18:20:00Z,78700.0
2026-05-16T18:25:00Z,78700.0
2026-05-16T18:30:00Z,77300.0
2026-05-16T18:35:00Z,77600.0
2026-05-16T18:40:00Z,77700.0
2026-05-16T18:45:00Z,77700.0
2026-05-16T18:50:00Z,77700.0
2026-05-16T18:55:00Z,77600.0
2026-05-16T19:00:00Z,77500.0
2026-05-16T19:05:00Z,77300.0
2026-05-16T19:10:00Z,77200.0
2026-05-16T19:15:00Z,77200.0
2026-05-16T19:20:00Z,77200.0
2026-05-16T19:25:00Z,77100.0
2026-05-16T19:30:00Z,76700.0
2026-05-16T19:35:00Z,76700.0
2026-05-16T19:40:00Z,76500.0
2026-05-16T19:45:00Z,76300.0
2026-05-16T19:50:00Z,76200.0
2026-05-16T19:55:00Z,76200.0
2026-05-16T20:00:00Z,76100.0
2026-05-16T20:05:00Z,76000.0
2026-05-16T20:10:00Z,75800.0
2026-05-16T20:15:00Z,75600.0
2026-05-16T20:20:00Z,75600.0
2026-05-16T20:25:00Z,75500.0
2026-05-16T20:30:00Z,75300.0
2026-05-16T20:35:00Z,75200.0
2026-05-16T20:40:00Z,75200.0
2026-05-16T20:45:00Z,75100.0
2026-05-16T20:50:00Z,75000.0
2026-05-16T20:55:00Z,74700.0
2026-05-16T21:00:00Z,74700.0
2026-05-16T21:05:00Z,74500.0
2026-05-16T21:10:00Z,74300.0
2026-05-16T21:15:00Z,74200.0
2026-05-16T21:20:00Z,74100.0
2026-05-16T21:25:00Z,74000.0
2026-05-16T21:30:00Z,73800.0
2026-05-16T21:35:00Z,73700.0
2026-05-16T21:40:00Z,73600.0
2026-05-16T21:45:00Z,73300.0
2026-05-16T21:50:00Z,73200.0
2026-05-16T21:55:00Z,73100.0
2026-05-16T22:00:00Z,73000.0
2026-05-16T22:05:00Z,72900.0
2026-05-16T22:10:00Z,72600.0
2026-05-16T22:15:00Z,72500.0
2026-05-16T22:20:00Z,70700.0
2026-05-16T22:25:00Z,72500.0
2026-05-16T22:30:00Z,72200.0
2026-05-16T22:35:00Z,72100.0
2026-05-16T22:40:00Z,71800.0
2026-05-16T22:45:00Z,71600.0
2026-05-16T22:50:00Z,71500.0
2026-05-16T22:55:00Z,71400.0
2026-05-16T23:00:00Z,71400.0
2026-05-16T23:05:00Z,71300.0
2026-05-16T23:10:00Z,70900.0
2026-05-16T23:15:00Z,70900.0
2026-05-16T23:20:00Z,70800.0
2026-05-16T23:25:00Z,70700.0
2026-05-16T23:30:00Z,70400.0
2026-05-16T23:35:00Z,70400.0
2026-05-16T23:40:00Z,70300.0
2026-05-16T23:45:00Z,70100.0
2026-05-16T23:50:00Z,70100.0
2026-05-16T23:55:00Z,70100.0
2026-05-17T00:00:00Z,69900.0
2026-05-17T00:05:00Z,69700.0
2026-05-17T00:10:00Z,69600.0
2026-05-17T00:15:00Z,69500.0
2026-05-17T00:20:00Z,69200.0
2026-05-17T00:25:00Z,69000.0
2026-05-17T00:30:00Z,68900.0
2026-05-17T00:35:00Z,68900.0
2026-05-17T00:40:00Z,68700.0
2026-05-17T00:45:00Z,68500.0
2026-05-17T00:50:00Z,68500.0
2026-05-17T00:55:00Z,68400.0
2026-05-17T01:00:00Z,68300.0
2026-05-17T01:05:00Z,68000.0
2026-05-17T01:10:00Z,67800.0
2026-05-17T01:15:00Z,67600.0
2026-05-17T01:20:00Z,67400.0
2026-05-17T01:25:00Z,67200.0
2026-05-17T01:30:00Z,67200.0
2026-05-17T01:35:00Z,67100.0
2026-05-17T01:40:00Z,67000.0
2026-05-17T01:45:00Z,66900.0
2026-05-17T01:50:00Z,66600.0
2026-05-17T01:55:00Z,66500.0
2026-05-17T02:00:00Z,66300.0
2026-05-17T02:05:00Z,66300.0
2026-05-17T02:10:00Z,66000.0
2026-05-17T02:15:00Z,65900.0
2026-05-17T02:20:00Z,65900.0
2026-05-17T02:25:00Z,65700.0
2026-05-17T02:30:00Z,65600.0
2026-05-17T02:35:00Z,65600.0
2026-05-17T02:40:00Z,65500.0
2026-05-17T02:45:00Z,65400.0
2026-05-17T02:50:00Z,65200.0
2026-05-17T02:55:00Z,65000.0
2026-05-17T03:00:00Z,64900.0
2026-05-17T03:05:00Z,64800.0
2026-05-17T03:10:00Z,64700.0
2026-05-17T03:15:00Z,64500.0
2026-05-17T03:20:00Z,64400.0
2026-05-17T03:25:00Z,64400.0
2026-05-17T03:30:00Z,64400.0
2026-05-17T03:35:00Z,64300.0
2026-05-17T03:40:00Z,64100.0
2026-05-17T03:45:00Z,64100.0
2026-05-17T03:50:00Z,64000.0
2026-05-17T03:55:00Z,63700.0
2026-05-17T04:00:00Z,63700.0
2026-05-17T04:05:00Z,63500.0
2026-05-17T04:10:00Z,63400.0
2026-05-17T04:15:00Z,63300.0
2026-05-17T04:20:00Z,63200.0
2026-05-17T04:25:00Z,63100.0
2026-05-17T04:30:00Z,62800.0
2026-05-17T04:35:00Z,62800.0
2026-05-17T04:40:00Z,62800.0
2026-05-17T04:45:00Z,62600.0
2026-05-17T04:50:00Z,62400.0
2026-05-17T04:55:00Z,62400.0
2026-05-17T05:00:00Z,62400.0
2026-05-17T05:05:00Z,62200.0
2026-05-17T05:10:00Z,62000.0
2026-05-17T05:15:00Z,61900.0
2026-05-17T05:20:00Z,61900.0
2026-05-17T05:25:00Z,61700.0
2026-05-17T05:30:00Z,61700.0
2026-05-17T05:35:00Z,61500.0
2026-05-17T05:40:00Z,61400.0
2026-05-17T05:45:00Z,61300.0
2026-05-17T05:50:00Z,61100.0
2026-05-17T05:55:00Z,61000.0
2026-05-17T06:00:00Z,61000.0
2026-05-17T06:05:00Z,60700.0
2026-05-17T06:10:00Z,60600.0
2026-05-17T06:15:00Z,60600.0
2026-05-17T06:20:00Z,60500.0
2026-05-17T06:25:00Z,60300.0
2026-05-17T06:30:00Z,60100.0
2026-05-17T06:35:00Z,60100.0
2026-05-17T06:40:00Z,60100.0
2026-05-17T06:45:00Z,60000.0
2026-05-17T06:50:00Z,59900.0
2026-05-17T06:55:00Z,59400.0
2026-05-17T07:00:00Z,59000.0
2026-05-17T07:05:00Z,59000.0
2026-05-17T07:10:00Z,59000.0
2026-05-17T07:15:00Z,58900.0
2026-05-17T07:20:00Z,59000.0
2026-05-17T07:25:00Z,59000.0
2026-05-17T07:30:00Z,58900.0
2026-05-17T07:35:00Z,58800.0
2026-05-17T07:40:00Z,58600.0
2026-05-17T07:45:00Z,58600.0
2026-05-17T07:50:00Z,58600.0
2026-05-17T07:55:00Z,58500.0
2026-05-17T08:00:00Z,58400.0
2026-05-17T08:05:00Z,58400.0
2026-05-17T08:10:00Z,58400.0
2026-05-17T08:15:00Z,58200.0
2026-05-17T08:20:00Z,58100.0
2026-05-17T08:25:00Z,58100.0
2026-05-17T08:30:00Z,57800.0
2026-05-17T08:35:00Z,57700.0
2026-05-17T08:40:00Z,57600.0
2026-05-17T08:45:00Z,57500.0
2026-05-17T08:50:00Z,57400.0
2026-05-17T08:55:00Z,57400.0
2026-05-17T09:00:00Z,57300.0
2026-05-17T09:05:00Z,57300.0
2026-05-17T09:10:00Z,57200.0
2026-05-17T09:15:00Z,57100.0
2026-05-17T09:20:00Z,56900.0
2026-05-17T09:25:00Z,56700.0
2026-05-17T09:30:00Z,56600.0
2026-05-17T09:35:00Z,56400.0
2026-05-17T09:40:00Z,56400.0
2026-05-17T09:45:00Z,56200.0
2026-05-17T09:50:00Z,56100.0
2026-05-17T09:55:00Z,56000.0
2026-05-17T10:00:00Z,55900.0
2026-05-17T10:05:00Z,55800.0
2026-05-17T10:10:00Z,55700.0
2026-05-17T10:15:00Z,55600.0
2026-05-17T10:20:00Z,55700.0
2026-05-17T10:25:00Z,55900.0
2026-05-17T10:30:00Z,55900.0
2026-05-17T10:35:00Z,55900.0
2026-05-17T10:40:00Z,56000.0
2026-05-17T10:45:00Z,55900.0
2026-05-17T10:50:00Z,55700.0
2026-05-17T10:55:00Z,55600.0
2026-05-17T11:00:00Z,55600.0
2026-05-17T11:05:00Z,55300.0
2026-05-17T11:10:00Z,55100.0
2026-05-17T11:15:00Z,55000.0
2026-05-17T11:20:00Z,54900.0
2026-05-17T11:25:00Z,54800.0
2026-05-17T11:30:00Z,54600.0
2026-05-17T11:35:00Z,54500.0
2026-05-17T11:40:00Z,54400.0
2026-05-17T11:45:00Z,54300.0
2026-05-17T11:50:00Z,54200.0
2026-05-17T11:55:00Z,54200.0
2026-05-17T12:00:00Z,54000.0
2026-05-17T12:05:00Z,53900.0
2026-05-17T12:10:00Z,53800.0
2026-05-17T12:15:00Z,53600.0
2026-05-17T12:20:00Z,53600.0
2026-05-17T12:25:00Z,53500.0
2026-05-17T12:30:00Z,53500.0
2026-05-17T12:35:00Z,53400.0
2026-05-17T12:40:00Z,53300.0
2026-05-17T12:45:00Z,53200.0
2026-05-17T12:50:00Z,53200.0
2026-05-17T12:55:00Z,53100.0
2026-05-17T13:00:00Z,53000.0
2026-05-17T13:05:00Z,53000.0
2026-05-17T13:10:00Z,52900.0
2026-05-17T13:15:00Z,52900.0
2026-05-17T13:20:00Z,52700.0
2026-05-17T13:25:00Z,52600.0
2026-05-17T13:30:00Z,52600.0
2026-05-17T13:35:00Z,52500.0
2026-05-17T13:40:00Z,52400.0
2026-05-17T13:45:00Z,52300.0
2026-05-17T13:50:00Z,52200.0
2026-05-17T13:55:00Z,52200.0
2026-05-17T14:00:00Z,52000.0
2026-05-17T14:05:00Z,51800.0
2026-05-17T14:10:00Z,51700.0
2026-05-17T14:15:00Z,51600.0
2026-05-17T14:20:00Z,51400.0
2026-05-17T14:25:00Z,51400.0
2026-05-17T14:30:00Z,51300.0
2026-05-17T14:35:00Z,51300.0
2026-05-17T14:40:00Z,51200.0
2026-05-17T14:45:00Z,51100.0
2026-05-17T14:50:00Z,50900.0
2026-05-17T14:55:00Z,50800.0
2026-05-17T15:00:00Z,50600.0
2026-05-17T15:05:00Z,50600.0
2026-05-17T15:10:00Z,50600.0
2026-05-17T15:15:00Z,50500.0
2026-05-17T15:20:00Z,50400.0
2026-05-17T15:25:00Z,50400.0
2026-05-17T15:30:00Z,50300.0
2026-05-17T15:35:00Z,50100.0
2026-05-17T15:40:00Z,50000.0
2026-05-17T15:45:00Z,49900.0
2026-05-17T15:50:00Z,49900.0
2026-05-17T15:55:00Z,49800.0
2026-05-17T16:00:00Z,49700.0
2026-05-17T16:05:00Z,49600.0
2026-05-17T16:10:00Z,49600.0
2026-05-17T16:15:00Z,49600.0
2026-05-17T16:20:00Z,49500.0
2026-05-17T16:25:00Z,49300.0
2026-05-17T16:30:00Z,49300.0
2026-05-17T16:35:00Z,49200.0
2026-05-17T16:40:00Z,49100.0
2026-05-17T16:45:00Z,49000.0
2026-05-17T16:50:00Z,48900.0
2026-05-17T16:55:00Z,48800.0
2026-05-17T17:00:00Z,48800.0
2026-05-17T17:05:00Z,48700.0
2026-05-17T17:10:00Z,48500.0
2026-05-17T17:15:00Z,48400.0
2026-05-17T17:20:00Z,48400.0
2026-05-17T17:25:00Z,48300.0
2026-05-17T17:30:00Z,48100.0
2026-05-17T17:35:00Z,47900.0
2026-05-17T17:40:00Z,47900.0
2026-05-17T17:45:00Z,47700.0
2026-05-17T17:50:00Z,47700.0
2026-05-17T17:55:00Z,47700.0
2026-05-17T18:00:00Z,47700.0
2026-05-17T18:05:00Z,47600.0
2026-05-17T18:10:00Z,47500.0
2026-05-17T18:15:00Z,47400.0
2026-05-17T18:20:00Z,47300.0
2026-05-17T18:25:00Z,47200.0
2026-05-17T18:30:00Z,47200.0
2026-05-17T18:35:00Z,47100.0
2026-05-17T18:40:00Z,47000.0
2026-05-17T18:45:00Z,47000.0
2026-05-17T18:50:00Z,47000.0
2026-05-17T18:55:00Z,46900.0
2026-05-17T19:00:00Z,46800.0
2026-05-17T19:05:00Z,46800.0
2026-05-17T19:10:00Z,46800.0
2026-05-17T19:15:00Z,46700.0
2026-05-17T19:20:00Z,46700.0
2026-05-17T19:25:00Z,46500.0
2026-05-17T19:30:00Z,46400.0
2026-05-17T19:35:00Z,46300.0
2026-05-17T19:40:00Z,46300.0
2026-05-17T19:45:00Z,46200.0
2026-05-17T19:50:00Z,46200.0
2026-05-17T19:55:00Z,46000.0
2026-05-17T20:00:00Z,46000.0
2026-05-17T20:05:00Z,45900.0
2026-05-17T20:10:00Z,45800.0
2026-05-17T20:15:00Z,45700.0
2026-05-17T20:20:00Z,45700.0
2026-05-17T20:25:00Z,45600.0
2026-05-17T20:30:00Z,45600.0
2026-05-17T20:35:00Z,45500.0
2026-05-17T20:40:00Z,45400.0
2026-05-17T20:45:00Z,45400.0
2026-05-17T20:50:00Z,45400.0
2026-05-17T20:55:00Z,45400.0
2026-05-17T21:00:00Z,45200.0
2026-05-17T21:05:00Z,45100.0
2026-05-17T21:10:00Z,45100.0
2026-05-17T21:15:00Z,45100.0
2026-05-17T21:20:00Z,45000.0
2026-05-17T21:25:00Z,45000.0
2026-05-17T21:30:00Z,44900.0
2026-05-17T21:35:00Z,44800.0
2026-05-17T21:40:00Z,44800.0
2026-05-17T21:45:00Z,44800.0
2026-05-17T21:50:00Z,44700.0
2026-05-17T21:55:00Z,44600.0
2026-05-17T22:00:00Z,44600.0
2026-05-17T22:05:00Z,44500.0
2026-05-17T22:10:00Z,44500.0
2026-05-17T22:15:00Z,44500.0
2026-05-17T22:20:00Z,44400.0
2026-05-17T22:25:00Z,44300.0
2026-05-17T22:30:00Z,44300.0
2026-05-17T22:35:00Z,44300.0
2026-05-17T22:40:00Z,44300.0
2026-05-17T22:45:00Z,44200.0
2026-05-17T22:50:00Z,44100.0
2026-05-17T22:55:00Z,44100.0
2026-05-17T23:00:00Z,44000.0
2026-05-17T23:05:00Z,43900.0
2026-05-17T23:10:00Z,43800.0
2026-05-17T23:15:00Z,43600.0
2026-05-17T23:20:00Z,43600.0
2026-05-17T23:25:00Z,43600.0
2026-05-17T23:30:00Z,43600.0
2026-05-17T23:35:00Z,43600.0
2026-05-17T23:40:00Z,43500.0
2026-05-17T23:45:00Z,43500.0
2026-05-17T23:50:00Z,43500.0
2026-05-17T23:55:00Z,43400.0
2026-05-18T00:00:00Z,43300.0
2026-05-18T00:05:00Z,43300.0
2026-05-18T00:10:00Z,43200.0
2026-05-18T00:15:00Z,43200.0
2026-05-18T00:20:00Z,43200.0
2026-05-18T00:25:00Z,43200.0
2026-05-18T00:30:00Z,43100.0
2026-05-18T00:35:00Z,43100.0
2026-05-18T00:40:00Z,43000.0
2026-05-18T00:45:00Z,43000.0
2026-05-18T00:50:00Z,43000.0
2026-05-18T00:55:00Z,43000.0
2026-05-18T01:00:00Z,42900.0
2026-05-18T01:05:00Z,42800.0
2026-05-18T01:10:00Z,42800.0
2026-05-18T01:15:00Z,42700.0
2026-05-18T01:20:00Z,42600.0
2026-05-18T01:25:00Z,42500.0
2026-05-18T01:30:00Z,42500.0
2026-05-18T01:35:00Z,42400.0
2026-05-18T01:40:00Z,42300.0
2026-05-18T01:45:00Z,42300.0
2026-05-18T01:50:00Z,42300.0
2026-05-18T01:55:00Z,42200.0
2026-05-18T02:00:00Z,42200.0
2026-05-18T02:05:00Z,42200.0
2026-05-18T02:10:00Z,42100.0
2026-05-18T02:15:00Z,42000.0
2026-05-18T02:20:00Z,42000.0
2026-05-18T02:25:00Z,42000.0
2026-05-18T02:30:00Z,41900.0
2026-05-18T02:35:00Z,41900.0
2026-05-18T02:40:00Z,41900.0
2026-05-18T02:45:00Z,41800.0
2026-05-18T02:50:00Z,41800.0
2026-05-18T02:55:00Z,41800.0
2026-05-18T03:00:00Z,41700.0
2026-05-18T03:05:00Z,41700.0
2026-05-18T03:10:00Z,41600.0
2026-05-18T03:15:00Z,41600.0
2026-05-18T03:20:00Z,41500.0
2026-05-18T03:25:00Z,41500.0
2026-05-18T03:30:00Z,41500.0
2026-05-18T03:35:00Z,41400.0
2026-05-18T03:40:00Z,41300.0
2026-05-18T03:45:00Z,41300.0
2026-05-18T03:50:00Z,41300.0
2026-05-18T03:55:00Z,41200.0
2026-05-18T04:00:00Z,41100.0
2026-05-18T04:05:00Z,41100.0
2026-05-18T04:10:00Z,41000.0
2026-05-18T04:15:00Z,41000.0
2026-05-18T04:20:00Z,40900.0
2026-05-18T04:25:00Z,40800.0
2026-05-18T04:30:00Z,40800.0
2026-05-18T04:35:00Z,40900.0
2026-05-18T04:40:00Z,40800.0
2026-05-18T04:45:00Z,40700.0
2026-05-18T04:50:00Z,40600.0
2026-05-18T04:55:00Z,40600.0
2026-05-18T05:00:00Z,40600.0
2026-05-18T05:05:00Z,40500.0
2026-05-18T05:10:00Z,40500.0
2026-05-18T05:15:00Z,40500.0
2026-05-18T05:20:00Z,40500.0
2026-05-18T05:25:00Z,40400.0
2026-05-18T05:30:00Z,40400.0
2026-05-18T05:35:00Z,40400.0
2026-05-18T05:40:00Z,40400.0
2026-05-18T05:45:00Z,40300.0
2026-05-18T05:50:00Z,40300.0
2026-05-18T05:55:00Z,40300.0
2026-05-18T06:00:00Z,40200.0
2026-05-18T06:05:00Z,40200.0
2026-05-18T06:10:00Z,40100.0
2026-05-18T06:15:00Z,40000.0
2026-05-18T06:20:00Z,40000.0
2026-05-18T06:25:00Z,40000.0
2026-05-18T06:30:00Z,39900.0
2026-05-18T06:35:00Z,39800.0
2026-05-18T06:40:00Z,39800.0
2026-05-18T06:45:00Z,39700.0
2026-05-18T06:50:00Z,39700.0
2026-05-18T06:55:00Z,39700.0
2026-05-18T07:00:00Z,39600.0
2026-05-18T07:05:00Z,39600.0
2026-05-18T07:10:00Z,39500.0
2026-05-18T07:15:00Z,39400.0
2026-05-18T07:20:00Z,39400.0
2026-05-18T07:25:00Z,39400.0
2026-05-18T07:30:00Z,39300.0
2026-05-18T07:35:00Z,39300.0
2026-05-18T07:40:00Z,39300.0
2026-05-18T07:45:00Z,39200.0
2026-05-18T07:50:00Z,39200.0
2026-05-18T07:55:00Z,39100.0
2026-05-18T08:00:00Z,39000.0
2026-05-18T08:05:00Z,39000.0
2026-05-18T08:10:00Z,38900.0
2026-05-18T08:15:00Z,38900.0
2026-05-18T08:20:00Z,38900.0
2026-05-18T08:25:00Z,38900.0
2026-05-18T08:30:00Z,38800.0
2026-05-18T08:35:00Z,38800.0
2026-05-18T08:40:00Z,38700.0
2026-05-18T08:45:00Z,38700.0
2026-05-18T08:50:00Z,38700.0
2026-05-18T08:55:00Z,38600.0
2026-05-18T09:00:00Z,38600.0
2026-05-18T09:05:00Z,38500.0
2026-05-18T09:10:00Z,38500.0
2026-05-18T09:15:00Z,38500.0
2026-05-18T09:20:00Z,38400.0
2026-05-18T09:25:00Z,38300.0
2026-05-18T09:30:00Z,38300.0
2026-05-18T09:35:00Z,38300.0
2026-05-18T09:40:00Z,38300.0
2026-05-18T09:45:00Z,38300.0
2026-05-18T09:50:00Z,38200.0
2026-05-18T09:55:00Z,38200.0
2026-05-18T10:00:00Z,38200.0
2026-05-18T10:05:00Z,38200.0
2026-05-18T10:10:00Z,38200.0
2026-05-18T10:15:00Z,38200.0
2026-05-18T10:20:00Z,38200.0
2026-05-18T10:25:00Z,38100.0
2026-05-18T10:30:00Z,38100.0
2026-05-18T10:35:00Z,38100.0
2026-05-18T10:40:00Z,38000.0
2026-05-18T10:45:00Z,37900.0
2026-05-18T10:50:00Z,37800.0
2026-05-18T10:55:00Z,37700.0
2026-05-18T11:00:00Z,37700.0
2026-05-18T11:05:00Z,37700.0
2026-05-18T11:10:00Z,37700.0
2026-05-18T11:15:00Z,37600.0
2026-05-18T11:20:00Z,37600.0
2026-05-18T11:25:00Z,37600.0
2026-05-18T11:30:00Z,37600.0
2026-05-18T11:35:00Z,37500.0
2026-05-18T11:40:00Z,37400.0
2026-05-18T11:45:00Z,37400.0
2026-05-18T11:50:00Z,37300.0
2026-05-18T11:55:00Z,37300.0
2026-05-18T12:00:00Z,37200.0
2026-05-18T12:05:00Z,37200.0
2026-05-18T12:10:00Z,37100.0
2026-05-18T12:15:00Z,37100.0
2026-05-18T12:20:00Z,37000.0
2026-05-18T12:25:00Z,37000.0
2026-05-18T12:30:00Z,37000.0
2026-05-18T12:35:00Z,37000.0
2026-05-18T12:40:00Z,37000.0
2026-05-18T12:45:00Z,36900.0
2026-05-18T12:50:00Z,36900.0
2026-05-18T12:55:00Z,36800.0
2026-05-18T13:00:00Z,36800.0
2026-05-18T13:05:00Z,36700.0
2026-05-18T13:10:00Z,36700.0
2026-05-18T13:15:00Z,36600.0
2026-05-18T13:20:00Z,36600.0
2026-05-18T13:25:00Z,36500.0
2026-05-18T13:30:00Z,36500.0
2026-05-18T13:35:00Z,36400.0
2026-05-18T13:40:00Z,36400.0
2026-05-18T13:45:00Z,36400.0
2026-05-18T13:50:00Z,36400.0
2026-05-18T13:55:00Z,36300.0
2026-05-18T14:00:00Z,36200.0
2026-05-18T14:05:00Z,36100.0
2026-05-18T14:10:00Z,36100.0
2026-05-18T14:15:00Z,35900.0
2026-05-18T14:20:00Z,35900.0
2026-05-18T14:25:00Z,35900.0
2026-05-18T14:30:00Z,35900.0
2026-05-18T14:35:00Z,35900.0
2026-05-18T14:40:00Z,35900.0
2026-05-18T14:45:00Z,35900.0
2026-05-18T14:50:00Z,35800.0
2026-05-18T14:55:00Z,35800.0
2026-05-18T15:00:00Z,35800.0
2026-05-18T15:05:00Z,35700.0
2026-05-18T15:10:00Z,35700.0
2026-05-18T15:15:00Z,35600.0
2026-05-18T15:20:00Z,35600.0
2026-05-18T15:25:00Z,35500.0
2026-05-18T15:30:00Z,35500.0
2026-05-18T15:35:00Z,35400.0
2026-05-18T15:40:00Z,35500.0
2026-05-18T15:45:00Z,35400.0
2026-05-18T15:50:00Z,35400.0
2026-05-18T15:55:00Z,35400.0
2026-05-18T16:00:00Z,35400.0
2026-05-18T16:05:00Z,35400.0
2026-05-18T16:10:00Z,35400.0
2026-05-18T16:15:00Z,35300.0
2026-05-18T16:20:00Z,35200.0
2026-05-18T16:25:00Z,35200.0
2026-05-18T16:30:00Z,35200.0
2026-05-18T16:35:00Z,35100.0
2026-05-18T16:40:00Z,35100.0
2026-05-18T16:45:00Z,35000.0
2026-05-18T16:50:00Z,35000.0
2026-05-18T16:55:00Z,35100.0
2026-05-18T17:00:00Z,35100.0
2026-05-18T17:05:00Z,35100.0
2026-05-18T17:10:00Z,35100.0
2026-05-18T17:15:00Z,35100.0
2026-05-18T17:20:00Z,35100.0
2026-05-18T17:25:00Z,35100.0
2026-05-18T17:30:00Z,35000.0
2026-05-18T17:35:00Z,35000.0
2026-05-18T17:40:00Z,34900.0
2026-05-18T17:45:00Z,34900.0
2026-05-18T17:50:00Z,34900.0
2026-05-18T17:55:00Z,34800.0
2026-05-18T18:00:00Z,34700.0
2026-05-18T18:05:00Z,34600.0
2026-05-18T18:10:00Z,34600.0
2026-05-18T18:15:00Z,34500.0
2026-05-18T18:20:00Z,34400.0
2026-05-18T18:25:00Z,34400.0
2026-05-18T18:30:00Z,34300.0
2026-05-18T18:35:00Z,34300.0
2026-05-18T18:40:00Z,34100.0
2026-05-18T18:45:00Z,34100.0
2026-05-18T18:50:00Z,34000.0
2026-05-18T18:55:00Z,34000.0
2026-05-18T19:00:00Z,33900.0
2026-05-18T19:05:00Z,33900.0
2026-05-18T19:10:00Z,33800.0
2026-05-18T19:15:00Z,33800.0
2026-05-18T19:20:00Z,33700.0
2026-05-18T19:25:00Z,33800.0
2026-05-18T19:30:00Z,33700.0
2026-05-18T19:35:00Z,33700.0
2026-05-18T19:40:00Z,33600.0
2026-05-18T19:45:00Z,33600.0
2026-05-18T19:50:00Z,33500.0
2026-05-18T19:55:00Z,33500.0
2026-05-18T20:00:00Z,33500.0
2026-05-18T20:05:00Z,33500.0
2026-05-18T20:10:00Z,33400.0
2026-05-18T20:15:00Z,33400.0
2026-05-18T20:20:00Z,33300.0
2026-05-18T20:25:00Z,33300.0
2026-05-18T20:30:00Z,33300.0
2026-05-18T20:35:00Z,33300.0
2026-05-18T20:40:00Z,33200.0
2026-05-18T20:45:00Z,33200.0
2026-05-18T20:50:00Z,33200.0
2026-05-18T20:55:00Z,33100.0
2026-05-18T21:00:00Z,33100.0
2026-05-18T21:05:00Z,33100.0
2026-05-18T21:10:00Z,33000.0
2026-05-18T21:15:00Z,33100.0
2026-05-18T21:20:00Z,33000.0
2026-05-18T21:25:00Z,33000.0
2026-05-18T21:30:00Z,33000.0
2026-05-18T21:35:00Z,32900.0
2026-05-18T21:40:00Z,32900.0
2026-05-18T21:45:00Z,32800.0
2026-05-18T21:50:00Z,32700.0
2026-05-18T21:55:00Z,32700.0
2026-05-18T22:00:00Z,32700.0
2026-05-18T22:05:00Z,32700.0
2026-05-18T22:10:00Z,32700.0
2026-05-18T22:15:00Z,32700.0
2026-05-18T22:20:00Z,32700.0
2026-05-18T22:25:00Z,32700.0
2026-05-18T22:30:00Z,32700.0
2026-05-18T22:35:00Z,32600.0
2026-05-18T22:40:00Z,32600.0
2026-05-18T22:45:00Z,32400.0
2026-05-18T22:50:00Z,32400.0
2026-05-18T22:55:00Z,32400.0
2026-05-18T23:00:00Z,32400.0
2026-05-18T23:05:00Z,32400.0
2026-05-18T23:10:00Z,32400.0
2026-05-18T23:15:00Z,32300.0
2026-05-18T23:20:00Z,32300.0
2026-05-18T23:25:00Z,32300.0
2026-05-18T23:30:00Z,32300.0
2026-05-18T23:35:00Z,32300.0
2026-05-18T23:40:00Z,32300.0
2026-05-18T23:45:00Z,32300.0
2026-05-18T23:50:00Z,32300.0
2026-05-18T23:55:00Z,32200.0
2026-05-19T00:00:00Z,32200.0
2026-05-19T00:05:00Z,32100.0
2026-05-19T00:10:00Z,32200.0
2026-05-19T00:15:00Z,32200.0
2026-05-19T00:20:00Z,32100.0
2026-05-19T00:25:00Z,32100.0
2026-05-19T00:30:00Z,32000.0
2026-05-19T00:35:00Z,32000.0
2026-05-19T00:40:00Z,32000.0
2026-05-19T00:45:00Z,31900.0
2026-05-19T00:50:00Z,31900.0
2026-05-19T00:55:00Z,31900.0
2026-05-19T01:00:00Z,31900.0
2026-05-19T01:05:00Z,31900.0
2026-05-19T01:10:00Z,31900.0
2026-05-19T01:15:00Z,31800.0
2026-05-19T01:20:00Z,31900.0
2026-05-19T01:25:00Z,31900.0
2026-05-19T01:30:00Z,31800.0
2026-05-19T01:35:00Z,31700.0
2026-05-19T01:40:00Z,31700.0
2026-05-19T01:45:00Z,31600.0
2026-05-19T01:50:00Z,31600.0
2026-05-19T01:55:00Z,31600.0
2026-05-19T02:00:00Z,31700.0
2026-05-19T02:05:00Z,31700.0
2026-05-19T02:10:00Z,31600.0
2026-05-19T02:15:00Z,31600.0
2026-05-19T02:20:00Z,31600.0
2026-05-19T02:25:00Z,31600.0
2026-05-19T02:30:00Z,31600.0
2026-05-19T02:35:00Z,31600.0
2026-05-19T02:40:00Z,31500.0
2026-05-19T02:45:00Z,31500.0
2026-05-19T02:50:00Z,31500.0
2026-05-19T02:55:00Z,31400.0
2026-05-19T03:00:00Z,31400.0
2026-05-19T03:05:00Z,31400.0
2026-05-19T03:10:00Z,31400.0
2026-05-19T03:15:00Z,31300.0
2026-05-19T03:20:00Z,31300.0
2026-05-19T03:25:00Z,31300.0
2026-05-19T03:30:00Z,31300.0
2026-05-19T03:35:00Z,31300.0
2026-05-19T03:40:00Z,31300.0
2026-05-19T03:45:00Z,31300.0
2026-05-19T03:50:00Z,31300.0
2026-05-19T03:55:00Z,31300.0
2026-05-19T04:00:00Z,31200.0
2026-05-19T04:05:00Z,31200.0
2026-05-19T04:10:00Z,31200.0
2026-05-19T04:15:00Z,31200.0
2026-05-19T04:20:00Z,31200.0
2026-05-19T04:25:00Z,31100.0
2026-05-19T04:30:00Z,31100.0
2026-05-19T04:35:00Z,31100.0
2026-05-19T04:40:00Z,31100.0
2026-05-19T04:45:00Z,31000.0
2026-05-19T04:50:00Z,31000.0
2026-05-19T04:55:00Z,31000.0
2026-05-19T05:00:00Z,31000.0
2026-05-19T05:05:00Z,30900.0
2026-05-19T05:10:00Z,30900.0
2026-05-19T05:15:00Z,30900.0
2026-05-19T05:20:00Z,30900.0
2026-05-19T05:25:00Z,30900.0
2026-05-19T05:30:00Z,30900.0
2026-05-19T05:35:00Z,30800.0
2026-05-19T05:40:00Z,30700.0
2026-05-19T05:45:00Z,30700.0
2026-05-19T05:50:00Z,30800.0
2026-05-19T05:55:00Z,30800.0
2026-05-19T06:00:00Z,30700.0
2026-05-19T06:05:00Z,30700.0
2026-05-19T06:10:00Z,30700.0
2026-05-19T06:15:00Z,30700.0
2026-05-19T06:20:00Z,30700.0
2026-05-19T06:25:00Z,30700.0
2026-05-19T06:30:00Z,30600.0
2026-05-19T06:35:00Z,30600.0
2026-05-19T06:40:00Z,30500.0
2026-05-19T06:45:00Z,30500.0
2026-05-19T06:50:00Z,30500.0
2026-05-19T06:55:00Z,30500.0
2026-05-19T07:00:00Z,30500.0
2026-05-19T07:05:00Z,30500.0
2026-05-19T07:10:00Z,30500.0
2026-05-19T07:15:00Z,30500.0
2026-05-19T07:20:00Z,30500.0
2026-05-19T07:25:00Z,30500.0
2026-05-19T07:30:00Z,30400.0
2026-05-19T07:35:00Z,30200.0
2026-05-19T07:40:00Z,30000.0
2026-05-19T07:45:00Z,29000.0
2026-05-19T07:50:00Z,29000.0
2026-05-19T07:55:00Z,29200.0
2026-05-19T08:00:00Z,30200.0
2026-05-19T08:05:00Z,31200.0
2026-05-19T08:10:00Z,31200.0
2026-05-19T08:15:00Z,31100.0
2026-05-19T08:20:00Z,31000.0
2026-05-19T08:25:00Z,30900.0
2026-05-19T08:30:00Z,30600.0
2026-05-19T08:35:00Z,30400.0
2026-05-19T08:40:00Z,30200.0
2026-05-19T08:45:00Z,30000.0
2026-05-19T08:50:00Z,29900.0
2026-05-19T08:55:00Z,29800.0
2026-05-19T09:00:00Z,29800.0
2026-05-19T09:05:00Z,29900.0
2026-05-19T09:10:00Z,29900.0
2026-05-19T09:15:00Z,30000.0
2026-05-19T09:20:00Z,30100.0
2026-05-19T09:25:00Z,30200.0
2026-05-19T09:30:00Z,30200.0
2026-05-19T09:35:00Z,30200.0
2026-05-19T09:40:00Z,30200.0
2026-05-19T09:45:00Z,30200.0
2026-05-19T09:50:00Z,30100.0
2026-05-19T09:55:00Z,29900.0
2026-05-19T10:00:00Z,29800.0
2026-05-19T10:05:00Z,29600.0
2026-05-19T10:10:00Z,29600.0
2026-05-19T10:15:00Z,29500.0
2026-05-19T10:20:00Z,29400.0
2026-05-19T10:25:00Z,29300.0
2026-05-19T10:30:00Z,29400.0
2026-05-19T10:35:00Z,29500.0
2026-05-19T10:40:00Z,29600.0
2026-05-19T10:45:00Z,29700.0
2026-05-19T10:50:00Z,29800.0
2026-05-19T10:55:00Z,29800.0
2026-05-19T11:00:00Z,29900.0
2026-05-19T11:05:00Z,30000.0
2026-05-19T11:10:00Z,30000.0
2026-05-19T11:15:00Z,29900.0
2026-05-19T11:20:00Z,29900.0
2026-05-19T11:25:00Z,29800.0
2026-05-19T11:30:00Z,29700.0
2026-05-19T11:35:00Z,29600.0
2026-05-19T11:40:00Z,29600.0
2026-05-19T11:45:00Z,29600.0
2026-05-19T11:50:00Z,29500.0
2026-05-19T11:55:00Z,29400.0
2026-05-19T12:00:00Z,29400.0
2026-05-19T12:05:00Z,29400.0
2026-05-19T12:10:00Z,29300.0
2026-05-19T12:15:00Z,29300.0
2026-05-19T12:20:00Z,29200.0
2026-05-19T12:25:00Z,29200.0
2026-05-19T12:30:00Z,29200.0
2026-05-19T12:35:00Z,29200.0
2026-05-19T12:40:00Z,29200.0
2026-05-19T12:45:00Z,29200.0
2026-05-19T12:50:00Z,29200.0
2026-05-19T12:55:00Z,29300.0
2026-05-19T13:00:00Z,29300.0
2026-05-19T13:05:00Z,29300.0
2026-05-19T13:10:00Z,29200.0
2026-05-19T13:15:00Z,29200.0
2026-05-19T13:20:00Z,29200.0
2026-05-19T13:25:00Z,29100.0
2026-05-19T13:30:00Z,29000.0
2026-05-19T13:35:00Z,29000.0
2026-05-19T13:40:00Z,29000.0
2026-05-19T13:45:00Z,28900.0
2026-05-19T13:50:00Z,28900.0
2026-05-19T13:55:00Z,28900.0
2026-05-19T14:00:00Z,28900.0
2026-05-19T14:05:00Z,28800.0
2026-05-19T14:10:00Z,28700.0
2026-05-19T14:15:00Z,28700.0
2026-05-19T14:20:00Z,28700.0
2026-05-19T14:25:00Z,28600.0
2026-05-19T14:30:00Z,28600.0
2026-05-19T14:35:00Z,28700.0
2026-05-19T14:40:00Z,28700.0
2026-05-19T14:45:00Z,28700.0
2026-05-19T14:50:00Z,28700.0
2026-05-19T14:55:00Z,28700.0
2026-05-19T15:00:00Z,28700.0
2026-05-19T15:05:00Z,28700.0
2026-05-19T15:10:00Z,28700.0
2026-05-19T15:15:00Z,28700.0
2026-05-19T15:20:00Z,28600.0
2026-05-19T15:25:00Z,28600.0
2026-05-19T15:30:00Z,28500.0
2026-05-19T15:35:00Z,28500.0
2026-05-19T15:40:00Z,28400.0
2026-05-19T15:45:00Z,28400.0
2026-05-19T15:50:00Z,28400.0
2026-05-19T15:55:00Z,28400.0
2026-05-19T16:00:00Z,28300.0
2026-05-19T16:05:00Z,28300.0
2026-05-19T16:10:00Z,28200.0
2026-05-19T16:15:00Z,28200.0
2026-05-19T16:20:00Z,28200.0
2026-05-19T16:25:00Z,28100.0
2026-05-19T16:30:00Z,28200.0
2026-05-19T16:35:00Z,28200.0
2026-05-19T16:40:00Z,28100.0
2026-05-19T16:45:00Z,28100.0
2026-05-19T16:50:00Z,28100.0
2026-05-19T16:55:00Z,28000.0
2026-05-19T17:00:00Z,27900.0
2026-05-19T17:05:00Z,27800.0
2026-05-19T17:10:00Z,27800.0
2026-05-19T17:15:00Z,27700.0
2026-05-19T17:20:00Z,27600.0
2026-05-19T17:25:00Z,27500.0
2026-05-19T17:30:00Z,27500.0
2026-05-19T17:35:00Z,27500.0
2026-05-19T17:40:00Z,27300.0
2026-05-19T17:45:00Z,27300.0
2026-05-19T17:50:00Z,27300.0
2026-05-19T17:55:00Z,27300.0
2026-05-19T18:00:00Z,27300.0
2026-05-19T18:05:00Z,27300.0
2026-05-19T18:10:00Z,27300.0
2026-05-19T18:15:00Z,27300.0
2026-05-19T18:20:00Z,27300.0
2026-05-19T18:25:00Z,27300.0
2026-05-19T18:30:00Z,27400.0
2026-05-19T18:35:00Z,27300.0
2026-05-19T18:40:00Z,27300.0
2026-05-19T18:45:00Z,27300.0
2026-05-19T18:50:00Z,27300.0
2026-05-19T18:55:00Z,27300.0
2026-05-19T19:00:00Z,27300.0
2026-05-19T19:05:00Z,27300.0
2026-05-19T19:10:00Z,27200.0
2026-05-19T19:15:00Z,27200.0
2026-05-19T19:20:00Z,27100.0
2026-05-19T19:25:00Z,27100.0
2026-05-19T19:30:00Z,27000.0
2026-05-19T19:35:00Z,27000.0
2026-05-19T19:40:00Z,27000.0
2026-05-19T19:45:00Z,26900.0
2026-05-19T19:50:00Z,26800.0
2026-05-19T19:55:00Z,26800.0
2026-05-19T20:00:00Z,26800.0
2026-05-19T20:05:00Z,26800.0
2026-05-19T20:10:00Z,26800.0
2026-05-19T20:15:00Z,26800.0
2026-05-19T20:20:00Z,26900.0
2026-05-19T20:25:00Z,26900.0
2026-05-19T20:30:00Z,26900.0
2026-05-19T20:35:00Z,26900.0
2026-05-19T20:40:00Z,26900.0
2026-05-19T20:45:00Z,26900.0
2026-05-19T20:50:00Z,26900.0
2026-05-19T20:55:00Z,26900.0
2026-05-19T21:00:00Z,27000.0
2026-05-19T21:05:00Z,26900.0
2026-05-19T21:10:00Z,26900.0
2026-05-19T21:15:00Z,26800.0
2026-05-19T21:20:00Z,26800.0
2026-05-19T21:25:00Z,26800.0
2026-05-19T21:30:00Z,26800.0
2026-05-19T21:35:00Z,26800.0
2026-05-19T21:40:00Z,26800.0
2026-05-19T21:45:00Z,26800.0
2026-05-19T21:50:00Z,26800.0
2026-05-19T21:55:00Z,26800.0
2026-05-19T22:00:00Z,26800.0
2026-05-19T22:05:00Z,26700.0
2026-05-19T22:10:00Z,26600.0
2026-05-19T22:15:00Z,26600.0
2026-05-19T22:20:00Z,26500.0
2026-05-19T22:25:00Z,26500.0
2026-05-19T22:30:00Z,26500.0
2026-05-19T22:35:00Z,26500.0
2026-05-19T22:40:00Z,26400.0
2026-05-19T22:45:00Z,26400.0
2026-05-19T22:50:00Z,26300.0
2026-05-19T22:55:00Z,26300.0
2026-05-19T23:00:00Z,26300.0
2026-05-19T23:05:00Z,26300.0
2026-05-19T23:10:00Z,26200.0
2026-05-19T23:15:00Z,26200.0
2026-05-19T23:20:00Z,26200.0
2026-05-19T23:25:00Z,26100.0
2026-05-19T23:30:00Z,26100.0
2026-05-19T23:35:00Z,26100.0
2026-05-19T23:40:00Z,26100.0
2026-05-19T23:45:00Z,26000.0
2026-05-19T23:50:00Z,26000.0
2026-05-19T23:55:00Z,26000.0
2026-05-20T00:00:00Z,26000.0
2026-05-20T00:05:00Z,26000.0
2026-05-20T00:10:00Z,26000.0
2026-05-20T00:15:00Z,25900.0
2026-05-20T00:20:00Z,25900.0
2026-05-20T00:25:00Z,25900.0
2026-05-20T00:30:00Z,25900.0
2026-05-20T00:35:00Z,25900.0
2026-05-20T00:40:00Z,25900.0
2026-05-20T00:45:00Z,25800.0
2026-05-20T00:50:00Z,25800.0
2026-05-20T00:55:00Z,25800.0
2026-05-20T01:00:00Z,25800.0
2026-05-20T01:05:00Z,25800.0
2026-05-20T01:10:00Z,25900.0
2026-05-20T01:15:00Z,25900.0
2026-05-20T01:20:00Z,25900.0
2026-05-20T01:25:00Z,25900.0
2026-05-20T01:30:00Z,25800.0
2026-05-20T01:35:00Z,25800.0
2026-05-20T01:40:00Z,25800.0
2026-05-20T01:45:00Z,25800.0
2026-05-20T01:50:00Z,25800.0
2026-05-20T01:55:00Z,25800.0
2026-05-20T02:00:00Z,25800.0
2026-05-20T02:05:00Z,25700.0
2026-05-20T02:10:00Z,25700.0
2026-05-20T02:15:00Z,25700.0
2026-05-20T02:20:00Z,25700.0
2026-05-20T02:25:00Z,25700.0
2026-05-20T02:30:00Z,25700.0
2026-05-20T02:35:00Z,25700.0
2026-05-20T02:40:00Z,25700.0
2026-05-20T02:45:00Z,25700.0
2026-05-20T02:50:00Z,25700.0
2026-05-20T02:55:00Z,25700.0
2026-05-20T03:00:00Z,25700.0
2026-05-20T03:05:00Z,25700.0
2026-05-20T03:10:00Z,25700.0
2026-05-20T03:15:00Z,25700.0
2026-05-20T03:20:00Z,25700.0
2026-05-20T03:25:00Z,25600.0
2026-05-20T03:30:00Z,25600.0
2026-05-20T03:35:00Z,25600.0
2026-05-20T03:40:00Z,25600.0
2026-05-20T03:45:00Z,25600.0
2026-05-20T03:50:00Z,25600.0
2026-05-20T03:55:00Z,25600.0
2026-05-20T04:00:00Z,25600.0
2026-05-20T04:05:00Z,25600.0
2026-05-20T04:10:00Z,25600.0
2026-05-20T04:15:00Z,25500.0
2026-05-20T04:20:00Z,25500.0
2026-05-20T04:25:00Z,25500.0
2026-05-20T04:30:00Z,25500.0
2026-05-20T04:35:00Z,25500.0
2026-05-20T04:40:00Z,25500.0
2026-05-20T04:45:00Z,25500.0
2026-05-20T04:50:00Z,25500.0
2026-05-20T04:55:00Z,25500.0
2026-05-20T05:00:00Z,25500.0
2026-05-20T05:05:00Z,25500.0
2026-05-20T05:10:00Z,25500.0
2026-05-20T05:15:00Z,25500.0
2026-05-20T05:20:00Z,25400.0
2026-05-20T05:25:00Z,25400.0
2026-05-20T05:30:00Z,25400.0
2026-05-20T05:35:00Z,25300.0
2026-05-20T05:40:00Z,25300.0
2026-05-20T05:45:00Z,25300.0
2026-05-20T05:50:00Z,25300.0
2026-05-20T05:55:00Z,25300.0
2026-05-20T06:00:00Z,25400.0
2026-05-20T06:05:00Z,25400.0
2026-05-20T06:10:00Z,25400.0
2026-05-20T06:15:00Z,25300.0
2026-05-20T06:20:00Z,25300.0
2026-05-20T06:25:00Z,25300.0
2026-05-20T06:30:00Z,25300.0
2026-05-20T06:35:00Z,25300.0
2026-05-20T06:40:00Z,25300.0
2026-05-20T06:45:00Z,25300.0
2026-05-20T06:50:00Z,25300.0
2026-05-20T06:55:00Z,25300.0
2026-05-20T07:00:00Z,25300.0
2026-05-20T07:05:00Z,25300.0
2026-05-20T07:10:00Z,25300.0
2026-05-20T07:15:00Z,25300.0
2026-05-20T07:20:00Z,25200.0
2026-05-20T07:25:00Z,25200.0
2026-05-20T07:30:00Z,25200.0
2026-05-20T07:35:00Z,25300.0
2026-05-20T07:40:00Z,25200.0
2026-05-20T07:45:00Z,25200.0
2026-05-20T07:50:00Z,25200.0
2026-05-20T07:55:00Z,25200.0
2026-05-20T08:00:00Z,25100.0
2026-05-20T09:05:00Z,25000.0
2026-05-20T09:10:00Z,25000.0
2026-05-20T09:15:00Z,24900.0
2026-05-20T09:20:00Z,24900.0
2026-05-20T09:25:00Z,24800.0
2026-05-20T09:30:00Z,24700.0
2026-05-20T09:35:00Z,24700.0
2026-05-20T09:40:00Z,24700.0
2026-05-20T09:45:00Z,24700.0
2026-05-20T09:50:00Z,24800.0
2026-05-20T09:55:00Z,24900.0
2026-05-20T10:00:00Z,24900.0
2026-05-20T10:05:00Z,25000.0
2026-05-20T10:10:00Z,25100.0
2026-05-20T10:15:00Z,25100.0
2026-05-20T10:20:00Z,25100.0
2026-05-20T10:25:00Z,25100.0
2026-05-20T10:30:00Z,25100.0
2026-05-20T10:35:00Z,25100.0
2026-05-20T10:40:00Z,25100.0
2026-05-20T10:45:00Z,25000.0
2026-05-20T10:50:00Z,24900.0
2026-05-20T10:55:00Z,24900.0
2026-05-20T11:00:00Z,24900.0
2026-05-20T11:05:00Z,24900.0
2026-05-20T11:10:00Z,24900.0
2026-05-20T11:15:00Z,24800.0
2026-05-20T11:20:00Z,24700.0
2026-05-20T11:25:00Z,24700.0
2026-05-20T11:30:00Z,24700.0
2026-05-20T11:35:00Z,24700.0
2026-05-20T11:40:00Z,24700.0
2026-05-20T11:45:00Z,24600.0
2026-05-20T11:50:00Z,24600.0
2026-05-20T11:55:00Z,24600.0
2026-05-20T12:00:00Z,24600.0
2026-05-20T12:05:00Z,24600.0
2026-05-20T12:10:00Z,24600.0
2026-05-20T12:15:00Z,24600.0
2026-05-20T12:20:00Z,24600.0
2026-05-20T12:25:00Z,24500.0
2026-05-20T12:30:00Z,24500.0
2026-05-20T12:35:00Z,24500.0
2026-05-20T12:40:00Z,24500.0
2026-05-20T12:45:00Z,24500.0
2026-05-20T12:50:00Z,24500.0
2026-05-20T12:55:00Z,24500.0
2026-05-20T13:00:00Z,24400.0
2026-05-20T13:05:00Z,24400.0
2026-05-20T13:10:00Z,24400.0
2026-05-20T13:15:00Z,24400.0
2026-05-20T13:20:00Z,24400.0
2026-05-20T13:25:00Z,24400.0
2026-05-20T13:30:00Z,24400.0
2026-05-20T13:35:00Z,24300.0
2026-05-20T13:40:00Z,24300.0
2026-05-20T13:45:00Z,24300.0
2026-05-20T13:50:00Z,24200.0
2026-05-20T13:55:00Z,24200.0
2026-05-20T14:00:00Z,24200.0
2026-05-20T14:05:00Z,24200.0
2026-05-20T14:10:00Z,24200.0
2026-05-20T14:15:00Z,24200.0
2026-05-20T14:20:00Z,24200.0
2026-05-20T14:25:00Z,24200.0
2026-05-20T14:30:00Z,24200.0
2026-05-20T14:35:00Z,24200.0
2026-05-20T14:40:00Z,24200.0
2026-05-20T14:45:00Z,24200.0
2026-05-20T14:50:00Z,24200.0
2026-05-20T14:55:00Z,24200.0
2026-05-20T15:00:00Z,24200.0
2026-05-20T15:05:00Z,24200.0
2026-05-20T15:10:00Z,24200.0
2026-05-20T15:15:00Z,24100.0
2026-05-20T15:20:00Z,24100.0
2026-05-20T15:25:00Z,24100.0
2026-05-20T15:30:00Z,24100.0
2026-05-20T15:35:00Z,24000.0
2026-05-20T15:40:00Z,24000.0
2026-05-20T15:45:00Z,24000.0
2026-05-20T15:50:00Z,23900.0
2026-05-20T15:55:00Z,23800.0
2026-05-20T16:00:00Z,23800.0
2026-05-20T16:05:00Z,23800.0
2026-05-20T16:10:00Z,23800.0
2026-05-20T16:15:00Z,23800.0
2026-05-20T16:20:00Z,23800.0
2026-05-20T16:25:00Z,23800.0
2026-05-20T16:30:00Z,23800.0
2026-05-20T16:35:00Z,23800.0
2026-05-20T16:40:00Z,23800.0
2026-05-20T16:45:00Z,23800.0
2026-05-20T16:50:00Z,23800.0
2026-05-20T16:55:00Z,23800.0
2026-05-20T17:00:00Z,23800.0
2026-05-20T17:05:00Z,23800.0
2026-05-20T17:10:00Z,23800.0
2026-05-20T17:15:00Z,23800.0
2026-05-20T17:20:00Z,23800.0
2026-05-20T17:25:00Z,23800.0
2026-05-20T17:30:00Z,23800.0
2026-05-20T17:35:00Z,23700.0
2026-05-20T17:40:00Z,23700.0
2026-05-20T17:45:00Z,23600.0
2026-05-20T17:50:00Z,23600.0
2026-05-20T17:55:00Z,23600.0
2026-05-20T18:00:00Z,23600.0
2026-05-20T18:05:00Z,23600.0
2026-05-20T18:10:00Z,23600.0
2026-05-20T18:15:00Z,23600.0
2026-05-20T18:20:00Z,23500.0
2026-05-20T18:25:00Z,23500.0
2026-05-20T18:30:00Z,23400.0
2026-05-20T18:35:00Z,23400.0
2026-05-20T18:40:00Z,23400.0
2026-05-20T18:45:00Z,23300.0
2026-05-20T18:50:00Z,23300.0
2026-05-20T18:55:00Z,23300.0
2026-05-20T19:00:00Z,23200.0
2026-05-20T19:05:00Z,23200.0
2026-05-20T19:10:00Z,23200.0
2026-05-20T19:15:00Z,23100.0
2026-05-20T19:20:00Z,23100.0
2026-05-20T19:25:00Z,23100.0
2026-05-20T19:30:00Z,23100.0
2026-05-20T19:35:00Z,23100.0
2026-05-20T19:40:00Z,23100.0
2026-05-20T19:45:00Z,23100.0
2026-05-20T19:50:00Z,23200.0
2026-05-20T19:55:00Z,23200.0
2026-05-20T20:00:00Z,23200.0
2026-05-20T20:05:00Z,23200.0
2026-05-20T20:10:00Z,23200.0
2026-05-20T20:15:00Z,23200.0
2026-05-20T20:20:00Z,23200.0
2026-05-20T20:25:00Z,23200.0
2026-05-20T20:30:00Z,23200.0
2026-05-20T20:35:00Z,23200.0
2026-05-20T20:40:00Z,23200.0
2026-05-20T20:45:00Z,23200.0
2026-05-20T20:50:00Z,23200.0
2026-05-20T20:55:00Z,23100.0
2026-05-20T21:00:00Z,23100.0
2026-05-20T21:05:00Z,23000.0
2026-05-20T21:10:00Z,23000.0
2026-05-20T21:15:00Z,22900.0
2026-05-20T21:20:00Z,22800.0
2026-05-20T21:25:00Z,22700.0
2026-05-20T21:30:00Z,22600.0
2026-05-20T21:35:00Z,22600.0
2026-05-20T21:40:00Z,22500.0
2026-05-20T21:45:00Z,22500.0
2026-05-20T21:50:00Z,22500.0
2026-05-20T21:55:00Z,22500.0
2026-05-20T22:00:00Z,22500.0
2026-05-20T22:05:00Z,22500.0
2026-05-20T22:10:00Z,22500.0
2026-05-20T22:15:00Z,22500.0
2026-05-20T22:20:00Z,22600.0
2026-05-20T22:25:00Z,22600.0
2026-05-20T22:30:00Z,22700.0
2026-05-20T22:35:00Z,22700.0
2026-05-20T22:40:00Z,22800.0
2026-05-20T22:45:00Z,22900.0
2026-05-20T22:50:00Z,22900.0
2026-05-20T22:55:00Z,23000.0
2026-05-20T23:00:00Z,23100.0
2026-05-20T23:05:00Z,23100.0
2026-05-20T23:10:00Z,23100.0
2026-05-20T23:15:00Z,23200.0
2026-05-20T23:20:00Z,23200.0
2026-05-20T23:25:00Z,23100.0
2026-05-20T23:30:00Z,23100.0
2026-05-20T23:35:00Z,23100.0
2026-05-20T23:40:00Z,23000.0
2026-05-20T23:45:00Z,23000.0
2026-05-20T23:50:00Z,23000.0
2026-05-20T23:55:00Z,22900.0
2026-05-21T00:00:00Z,22800.0
2026-05-21T00:05:00Z,22800.0
2026-05-21T00:10:00Z,22800.0
2026-05-21T00:15:00Z,22800.0
2026-05-21T00:20:00Z,22800.0
2026-05-21T00:25:00Z,22800.0
2026-05-21T00:30:00Z,22800.0
2026-05-21T00:35:00Z,22800.0
2026-05-21T00:40:00Z,22700.0
2026-05-21T00:45:00Z,22700.0
2026-05-21T00:50:00Z,22700.0
2026-05-21T00:55:00Z,22700.0
2026-05-21T01:00:00Z,22700.0
2026-05-21T01:05:00Z,22700.0
2026-05-21T01:10:00Z,22700.0
2026-05-21T01:15:00Z,22700.0
2026-05-21T01:20:00Z,22600.0
2026-05-21T01:25:00Z,22600.0
2026-05-21T01:30:00Z,22600.0
2026-05-21T01:35:00Z,22600.0
2026-05-21T01:40:00Z,22500.0
2026-05-21T01:45:00Z,22400.0
2026-05-21T01:50:00Z,22300.0
2026-05-21T01:55:00Z,22300.0
2026-05-21T02:00:00Z,22300.0
2026-05-21T02:05:00Z,22300.0
2026-05-21T02:10:00Z,22300.0
2026-05-21T02:15:00Z,22300.0
2026-05-21T02:20:00Z,22400.0
2026-05-21T02:25:00Z,22400.0
2026-05-21T02:30:00Z,22400.0
2026-05-21T02:35:00Z,22400.0
2026-05-21T02:40:00Z,22400.0
2026-05-21T02:45:00Z,22400.0
2026-05-21T02:50:00Z,22400.0
2026-05-21T02:55:00Z,22400.0
2026-05-21T03:00:00Z,22400.0
2026-05-21T03:05:00Z,22400.0
2026-05-21T03:10:00Z,22400.0
2026-05-21T03:15:00Z,22400.0
2026-05-21T03:20:00Z,22400.0
2026-05-21T03:25:00Z,22400.0
2026-05-21T03:30:00Z,22400.0
2026-05-21T03:35:00Z,22400.0
2026-05-21T03:40:00Z,22400.0
2026-05-21T03:45:00Z,22400.0
2026-05-21T03:50:00Z,22400.0
2026-05-21T03:55:00Z,22400.0
2026-05-21T04:00:00Z,22300.0
2026-05-21T04:05:00Z,22300.0
2026-05-21T04:10:00Z,22300.0
2026-05-21T04:15:00Z,22300.0
2026-05-21T04:20:00Z,22300.0
2026-05-21T04:25:00Z,22300.0
2026-05-21T04:30:00Z,22300.0
2026-05-21T04:35:00Z,22300.0
2026-05-21T04:40:00Z,22300.0
2026-05-21T04:45:00Z,22300.0
2026-05-21T04:50:00Z,22300.0
2026-05-21T04:55:00Z,22300.0
2026-05-21T05:00:00Z,22300.0
2026-05-21T05:05:00Z,22300.0
2026-05-21T05:10:00Z,22300.0
2026-05-21T05:15:00Z,22300.0
2026-05-21T05:20:00Z,22300.0
2026-05-21T05:25:00Z,22300.0
2026-05-21T05:30:00Z,22300.0
2026-05-21T05:35:00Z,22300.0
2026-05-21T05:40:00Z,22300.0
2026-05-21T05:45:00Z,22300.0
2026-05-21T05:50:00Z,22300.0
2026-05-21T05:55:00Z,22300.0
2026-05-21T06:00:00Z,22300.0
2026-05-21T06:05:00Z,22300.0
2026-05-21T06:10:00Z,22300.0
2026-05-21T06:15:00Z,22300.0
2026-05-21T06:20:00Z,22300.0
2026-05-21T06:25:00Z,22300.0
2026-05-21T06:30:00Z,22300.0
2026-05-21T06:35:00Z,22300.0
2026-05-21T06:40:00Z,22300.0
2026-05-21T06:45:00Z,22300.0
2026-05-21T06:50:00Z,22300.0
2026-05-21T06:55:00Z,22200.0
2026-05-21T07:00:00Z,22200.0
2026-05-21T07:05:00Z,22300.0
2026-05-21T07:10:00Z,22300.0
2026-05-21T07:15:00Z,22300.0
2026-05-21T07:20:00Z,22300.0
2026-05-21T07:25:00Z,22300.0
2026-05-21T07:30:00Z,22300.0
2026-05-21T07:35:00Z,22200.0
2026-05-21T07:40:00Z,22300.0
2026-05-21T07:45:00Z,22300.0
2026-05-21T07:50:00Z,22300.0
2026-05-21T07:55:00Z,22300.0
2026-05-21T08:00:00Z,22300.0
2026-05-21T08:05:00Z,22400.0
2026-05-21T08:10:00Z,22300.0
2026-05-21T08:15:00Z,22300.0
2026-05-21T08:20:00Z,22300.0
2026-05-21T08:25:00Z,22300.0
2026-05-21T08:30:00Z,22300.0
2026-05-21T08:35:00Z,22200.0
2026-05-21T08:40:00Z,22200.0
2026-05-21T08:45:00Z,22200.0
2026-05-21T08:50:00Z,22200.0
2026-05-21T08:55:00Z,22100.0
2026-05-21T09:00:00Z,22000.0
2026-05-21T09:05:00Z,22000.0
2026-05-21T09:10:00Z,22000.0
2026-05-21T09:15:00Z,21900.0
2026-05-21T09:20:00Z,21900.0
2026-05-21T09:25:00Z,21900.0
2026-05-21T09:30:00Z,21900.0
2026-05-21T09:35:00Z,21900.0
2026-05-21T09:40:00Z,22000.0
2026-05-21T09:45:00Z,22000.0
2026-05-21T09:50:00Z,22100.0
2026-05-21T09:55:00Z,22200.0
2026-05-21T10:00:00Z,22200.0
2026-05-21T10:05:00Z,22300.0
2026-05-21T10:10:00Z,22300.0
2026-05-21T10:15:00Z,22300.0
2026-05-21T10:20:00Z,22300.0
2026-05-21T10:25:00Z,22300.0
2026-05-21T10:30:00Z,22200.0
2026-05-21T10:35:00Z,22100.0
2026-05-21T10:40:00Z,21200.0
2026-05-21T10:45:00Z,21100.0
2026-05-21T10:50:00Z,20300.0
2026-05-21T10:55:00Z,20300.0
2026-05-21T11:00:00Z,20300.0
2026-05-21T11:05:00Z,20400.0
2026-05-21T11:10:00Z,20500.0
2026-05-21T11:15:00Z,21500.0
2026-05-21T11:20:00Z,21600.0
2026-05-21T11:25:00Z,22300.0
2026-05-21T11:30:00Z,23200.0
2026-05-21T11:35:00Z,23400.0
2026-05-21T11:40:00Z,23600.0
2026-05-21T11:45:00Z,23600.0
2026-05-21T11:50:00Z,23600.0
2026-05-21T11:55:00Z,23500.0
2026-05-21T12:00:00Z,23200.0
2026-05-21T12:05:00Z,23000.0
2026-05-21T12:10:00Z,22800.0
2026-05-21T12:15:00Z,22600.0
2026-05-21T12:20:00Z,22300.0
2026-05-21T12:25:00Z,22300.0
2026-05-21T12:30:00Z,22100.0
2026-05-21T12:35:00Z,22000.0
2026-05-21T12:40:00Z,22000.0
2026-05-21T12:45:00Z,21900.0
2026-05-21T12:50:00Z,21900.0
2026-05-21T12:55:00Z,21900.0
2026-05-21T13:00:00Z,21800.0
2026-05-21T13:05:00Z,21800.0
2026-05-21T13:10:00Z,21800.0
2026-05-21T13:15:00Z,21800.0
2026-05-21T13:20:00Z,21700.0
2026-05-21T13:25:00Z,21500.0
2026-05-21T13:30:00Z,21400.0
2026-05-21T13:35:00Z,21200.0
2026-05-21T13:40:00Z,20900.0
2026-05-21T13:45:00Z,20800.0
2026-05-21T13:50:00Z,20600.0
2026-05-21T13:55:00Z,20500.0
2026-05-21T14:00:00Z,20500.0
2026-05-21T14:05:00Z,20700.0
2026-05-21T14:10:00Z,21500.0
2026-05-21T14:15:00Z,21600.0
2026-05-21T14:20:00Z,21800.0
2026-05-21T14:25:00Z,22500.0
2026-05-21T14:30:00Z,22500.0
2026-05-21T14:35:00Z,22600.0
2026-05-21T14:40:00Z,22600.0
2026-05-21T14:45:00Z,22700.0
2026-05-21T14:50:00Z,22600.0
2026-05-21T14:55:00Z,22600.0
2026-05-21T15:00:00Z,22500.0
2026-05-21T15:05:00Z,22300.0
2026-05-21T15:10:00Z,22100.0
2026-05-21T15:15:00Z,21900.0
2026-05-21T15:20:00Z,21800.0
2026-05-21T15:25:00Z,21600.0
2026-05-21T15:30:00Z,21600.0
2026-05-21T15:35:00Z,21500.0
2026-05-21T15:40:00Z,21500.0
2026-05-21T15:45:00Z,21400.0
2026-05-21T15:50:00Z,21400.0
2026-05-21T15:55:00Z,21400.0
2026-05-21T16:00:00Z,21500.0
2026-05-21T16:05:00Z,21500.0
2026-05-21T16:10:00Z,21500.0
2026-05-21T16:15:00Z,21600.0
2026-05-21T16:20:00Z,21600.0
2026-05-21T16:25:00Z,21700.0
2026-05-21T16:30:00Z,21700.0
2026-05-21T16:35:00Z,21700.0
2026-05-21T16:40:00Z,21600.0
2026-05-21T16:45:00Z,21600.0
2026-05-21T16:50:00Z,21500.0
2026-05-21T16:55:00Z,21500.0
2026-05-21T17:00:00Z,21400.0
2026-05-21T17:05:00Z,21300.0
2026-05-21T17:10:00Z,21300.0
2026-05-21T17:15:00Z,21200.0
2026-05-21T17:20:00Z,21100.0
2026-05-21T17:25:00Z,21100.0
2026-05-21T17:30:00Z,21100.0
2026-05-21T17:35:00Z,21000.0
2026-05-21T17:40:00Z,20900.0
2026-05-21T17:45:00Z,20900.0
2026-05-21T17:50:00Z,20900.0
2026-05-21T17:55:00Z,20900.0
2026-05-21T18:00:00Z,20900.0
2026-05-21T18:05:00Z,20900.0
2026-05-21T18:10:00Z,20900.0
2026-05-21T18:15:00Z,20900.0
2026-05-21T18:20:00Z,20900.0
2026-05-21T18:25:00Z,20900.0
2026-05-21T18:30:00Z,20900.0
2026-05-21T18:35:00Z,20900.0
2026-05-21T18:40:00Z,20900.0
2026-05-21T18:45:00Z,20900.0
2026-05-21T18:50:00Z,20900.0
2026-05-21T18:55:00Z,20900.0
2026-05-21T19:00:00Z,21000.0
2026-05-21T19:05:00Z,21000.0
2026-05-21T19:10:00Z,21000.0
2026-05-21T19:15:00Z,21000.0
2026-05-21T19:20:00Z,21000.0
2026-05-21T19:25:00Z,21000.0
2026-05-21T19:30:00Z,21000.0
2026-05-21T19:35:00Z,21000.0
2026-05-21T19:40:00Z,20900.0
2026-05-21T19:45:00Z,20900.0
2026-05-21T19:50:00Z,20900.0
2026-05-21T19:55:00Z,20800.0
2026-05-21T20:00:00Z,20800.0
2026-05-21T20:05:00Z,20800.0
2026-05-21T20:10:00Z,20800.0
2026-05-21T20:15:00Z,20700.0
2026-05-21T20:20:00Z,20700.0
2026-05-21T20:25:00Z,20700.0
2026-05-21T20:30:00Z,20700.0
2026-05-21T20:35:00Z,20700.0
2026-05-21T20:40:00Z,20700.0
2026-05-21T20:45:00Z,20700.0
2026-05-21T20:50:00Z,20700.0
2026-05-21T20:55:00Z,20600.0
2026-05-21T21:00:00Z,20600.0
2026-05-21T21:05:00Z,20600.0
2026-05-21T21:10:00Z,20600.0
2026-05-21T21:15:00Z,20500.0
2026-05-21T21:20:00Z,20500.0
2026-05-21T21:25:00Z,20500.0
2026-05-21T21:30:00Z,20500.0
2026-05-21T21:35:00Z,20400.0
2026-05-21T21:40:00Z,20400.0
2026-05-21T21:45:00Z,20400.0
2026-05-21T21:50:00Z,20400.0
2026-05-21T21:55:00Z,20300.0
2026-05-21T22:00:00Z,20300.0
2026-05-21T22:05:00Z,20300.0
2026-05-21T22:10:00Z,20300.0
2026-05-21T22:15:00Z,20300.0
2026-05-21T22:20:00Z,20300.0
2026-05-21T22:25:00Z,20300.0
2026-05-21T22:30:00Z,20400.0
2026-05-21T22:35:00Z,20400.0
2026-05-21T22:40:00Z,20400.0
2026-05-21T22:45:00Z,20400.0
2026-05-21T22:50:00Z,20400.0
2026-05-21T22:55:00Z,20400.0
2026-05-21T23:00:00Z,20400.0
2026-05-21T23:05:00Z,20400.0
2026-05-21T23:10:00Z,20400.0
2026-05-21T23:15:00Z,20400.0
2026-05-21T23:20:00Z,20400.0
2026-05-21T23:25:00Z,20400.0
2026-05-21T23:30:00Z,20400.0
2026-05-21T23:35:00Z,20400.0
2026-05-21T23:40:00Z,20400.0
2026-05-21T23:45:00Z,20400.0
2026-05-21T23:50:00Z,20400.0
2026-05-21T23:55:00Z,20400.0
2026-05-22T00:00:00Z,20400.0
2026-05-22T00:05:00Z,20400.0
2026-05-22T00:10:00Z,20400.0
2026-05-22T00:15:00Z,20400.0
2026-05-22T00:20:00Z,20400.0
2026-05-22T00:25:00Z,20400.0
2026-05-22T00:30:00Z,20400.0
2026-05-22T00:35:00Z,20400.0
2026-05-22T00:40:00Z,20400.0
2026-05-22T00:45:00Z,20400.0
2026-05-22T00:50:00Z,20400.0
2026-05-22T00:55:00Z,20400.0
2026-05-22T01:00:00Z,20400.0
2026-05-22T01:05:00Z,20400.0
2026-05-22T01:10:00Z,20400.0
2026-05-22T01:15:00Z,20300.0
2026-05-22T01:20:00Z,20300.0
2026-05-22T01:25:00Z,20200.0
2026-05-22T01:30:00Z,20200.0
2026-05-22T01:35:00Z,20200.0
2026-05-22T01:40:00Z,20200.0
2026-05-22T01:45:00Z,20200.0
2026-05-22T01:50:00Z,20300.0
2026-05-22T01:55:00Z,20300.0
2026-05-22T02:00:00Z,20300.0
2026-05-22T02:05:00Z,20200.0
2026-05-22T02:10:00Z,20200.0
2026-05-22T02:15:00Z,20200.0
2026-05-22T02:20:00Z,20200.0
2026-05-22T02:25:00Z,20200.0
2026-05-22T02:30:00Z,20200.0
2026-05-22T02:35:00Z,20200.0
2026-05-22T02:40:00Z,20200.0
2026-05-22T02:45:00Z,20200.0
2026-05-22T02:50:00Z,20200.0
2026-05-22T02:55:00Z,20200.0
2026-05-22T03:00:00Z,20100.0
2026-05-22T03:05:00Z,20100.0
2026-05-22T03:10:00Z,20200.0
2026-05-22T03:15:00Z,20200.0
2026-05-22T03:20:00Z,20200.0
2026-05-22T03:25:00Z,20200.0
2026-05-22T03:30:00Z,20200.0
2026-05-22T03:35:00Z,20200.0
2026-05-22T03:40:00Z,20100.0
2026-05-22T03:45:00Z,20100.0
2026-05-22T03:50:00Z,20200.0
2026-05-22T03:55:00Z,20200.0
2026-05-22T04:00:00Z,20100.0
2026-05-22T04:05:00Z,20000.0
2026-05-22T04:10:00Z,20000.0
2026-05-22T04:15:00Z,20000.0
2026-05-22T04:20:00Z,20100.0
2026-05-22T04:25:00Z,20100.0
2026-05-22T04:30:00Z,20100.0
2026-05-22T04:35:00Z,20100.0
2026-05-22T04:40:00Z,20000.0
2026-05-22T04:45:00Z,20100.0
2026-05-22T04:50:00Z,20100.0
2026-05-22T04:55:00Z,20200.0
2026-05-22T05:00:00Z,20200.0
2026-05-22T05:05:00Z,20200.0
2026-05-22T05:10:00Z,20100.0
2026-05-22T05:15:00Z,20100.0
2026-05-22T05:20:00Z,20100.0
2026-05-22T05:25:00Z,20100.0
2026-05-22T05:30:00Z,20100.0
2026-05-22T05:35:00Z,20000.0
2026-05-22T05:40:00Z,20000.0
2026-05-22T05:45:00Z,20000.0
2026-05-22T05:50:00Z,20100.0
2026-05-22T05:55:00Z,20200.0
2026-05-22T06:00:00Z,20200.0
2026-05-22T06:05:00Z,20200.0
2026-05-22T06:10:00Z,20200.0
2026-05-22T06:15:00Z,20200.0
2026-05-22T06:20:00Z,20100.0
2026-05-22T06:25:00Z,20100.0
2026-05-22T06:30:00Z,20100.0
2026-05-22T06:35:00Z,20100.0
2026-05-22T06:40:00Z,20000.0
2026-05-22T06:45:00Z,20000.0
2026-05-22T06:50:00Z,20100.0
2026-05-22T06:55:00Z,20200.0
2026-05-22T07:00:00Z,20200.0
2026-05-22T07:05:00Z,20200.0
2026-05-22T07:10:00Z,20200.0
2026-05-22T07:15:00Z,20200.0
2026-05-22T07:20:00Z,20100.0
2026-05-22T07:25:00Z,20100.0
2026-05-22T07:30:00Z,20000.0
2026-05-22T07:35:00Z,20000.0
2026-05-22T07:40:00Z,20000.0
2026-05-22T07:45:00Z,20000.0
2026-05-22T07:50:00Z,20000.0
2026-05-22T07:55:00Z,20000.0
2026-05-22T08:00:00Z,20000.0
2026-05-22T08:05:00Z,20000.0
2026-05-22T08:10:00Z,20000.0
2026-05-22T08:15:00Z,20000.0
2026-05-22T08:20:00Z,20000.0
2026-05-22T08:25:00Z,20000.0
2026-05-22T08:30:00Z,20000.0
2026-05-22T08:35:00Z,20000.0
2026-05-22T08:40:00Z,20000.0
2026-05-22T08:45:00Z,20000.0
2026-05-22T08:50:00Z,20000.0
2026-05-22T08:55:00Z,20000.0
2026-05-22T09:00:00Z,20000.0
2026-05-22T09:05:00Z,20000.0
2026-05-22T09:10:00Z,20000.0
2026-05-22T09:15:00Z,20000.0
2026-05-22T09:20:00Z,20000.0
2026-05-22T09:25:00Z,20000.0
2026-05-22T09:30:00Z,20000.0
2026-05-22T09:35:00Z,20000.0
2026-05-22T09:40:00Z,20000.0
2026-05-22T09:45:00Z,20000.0
2026-05-22T09:50:00Z,20000.0
2026-05-22T09:55:00Z,20000.0
2026-05-22T10:00:00Z,20000.0
2026-05-22T10:05:00Z,20000.0
2026-05-22T10:10:00Z,20000.0
2026-05-22T10:15:00Z,20000.0
2026-05-22T10:20:00Z,20000.0
2026-05-22T10:25:00Z,20000.0
2026-05-22T10:30:00Z,20000.0
2026-05-22T10:35:00Z,20000.0
2026-05-22T10:40:00Z,20000.0
2026-05-22T10:45:00Z,20000.0
2026-05-22T10:50:00Z,20000.0
2026-05-22T10:55:00Z,20000.0
2026-05-22T11:00:00Z,20000.0
2026-05-22T11:05:00Z,20000.0
2026-05-22T11:10:00Z,19900.0
2026-05-22T11:15:00Z,19900.0
2026-05-22T11:20:00Z,19900.0
2026-05-22T11:25:00Z,19900.0
2026-05-22T11:30:00Z,19900.0
2026-05-22T11:35:00Z,19900.0
2026-05-22T11:40:00Z,19900.0
2026-05-22T11:45:00Z,19900.0
2026-05-22T11:50:00Z,19900.0
2026-05-22T11:55:00Z,19900.0
2026-05-22T12:00:00Z,19900.0
2026-05-22T12:05:00Z,19900.0
2026-05-22T12:10:00Z,19900.0
2026-05-22T12:15:00Z,19900.0
2026-05-22T12:20:00Z,19900.0
2026-05-22T12:25:00Z,19900.0
2026-05-22T12:30:00Z,19900.0
2026-05-22T12:35:00Z,19900.0
2026-05-22T12:40:00Z,19900.0
2026-05-22T12:45:00Z,19900.0
2026-05-22T12:50:00Z,19900.0
2026-05-22T12:55:00Z,19900.0
2026-05-22T13:00:00Z,19900.0
2026-05-22T13:05:00Z,19900.0
2026-05-22T13:10:00Z,19900.0
2026-05-22T13:15:00Z,19900.0
2026-05-22T13:20:00Z,19900.0
2026-05-22T13:25:00Z,19900.0
2026-05-22T13:30:00Z,19900.0
2026-05-22T13:35:00Z,19800.0
2026-05-22T13:40:00Z,19800.0
2026-05-22T13:45:00Z,19800.0
2026-05-22T13:50:00Z,19800.0
2026-05-22T13:55:00Z,19800.0
2026-05-22T14:00:00Z,19800.0
2026-05-22T14:05:00Z,19800.0
2026-05-22T14:10:00Z,19800.0
2026-05-22T14:15:00Z,19800.0
2026-05-22T14:20:00Z,19800.0
2026-05-22T14:25:00Z,19800.0
2026-05-22T14:30:00Z,19800.0
2026-05-22T14:35:00Z,19800.0
2026-05-22T14:40:00Z,19700.0
2026-05-22T14:45:00Z,19700.0
2026-05-22T14:50:00Z,19700.0
2026-05-22T14:55:00Z,19700.0
2026-05-22T15:00:00Z,19700.0
2026-05-22T15:05:00Z,19700.0
2026-05-22T15:10:00Z,19700.0
2026-05-22T15:15:00Z,19600.0
2026-05-22T15:20:00Z,19500.0
2026-05-22T15:25:00Z,19400.0
2026-05-22T15:30:00Z,19400.0
2026-05-22T15:35:00Z,19300.0
2026-05-22T15:40:00Z,19300.0
2026-05-22T15:45:00Z,19200.0
2026-05-22T15:50:00Z,19200.0
2026-05-22T15:55:00Z,19100.0
2026-05-22T16:00:00Z,19100.0
2026-05-22T16:05:00Z,19100.0
2026-05-22T16:10:00Z,19200.0
2026-05-22T16:15:00Z,19200.0
2026-05-22T16:20:00Z,19300.0
2026-05-22T16:25:00Z,19300.0
2026-05-22T16:30:00Z,19400.0
2026-05-22T16:35:00Z,19400.0
2026-05-22T16:40:00Z,19500.0
2026-05-22T16:45:00Z,19500.0
2026-05-22T16:50:00Z,19500.0
2026-05-22T16:55:00Z,19500.0
2026-05-22T17:00:00Z,19400.0
2026-05-22T17:05:00Z,19300.0
2026-05-22T17:10:00Z,19300.0
2026-05-22T17:15:00Z,19100.0
2026-05-22T17:20:00Z,18800.0
2026-05-22T17:25:00Z,18600.0
2026-05-22T17:30:00Z,18000.0
2026-05-22T17:35:00Z,17800.0
2026-05-22T17:40:00Z,17700.0
2026-05-22T17:45:00Z,17500.0
2026-05-22T17:50:00Z,17400.0
2026-05-22T17:55:00Z,17300.0
2026-05-22T18:00:00Z,17300.0
2026-05-22T18:05:00Z,17400.0
2026-05-22T18:10:00Z,18100.0
2026-05-22T18:15:00Z,18800.0
2026-05-22T18:20:00Z,19500.0
2026-05-22T18:25:00Z,20200.0
2026-05-22T18:30:00Z,20400.0
2026-05-22T18:35:00Z,20600.0
2026-05-22T18:40:00Z,20800.0
2026-05-22T18:45:00Z,20900.0
2026-05-22T18:50:00Z,20900.0
2026-05-22T18:55:00Z,20800.0
2026-05-22T19:00:00Z,20700.0
2026-05-22T19:05:00Z,20500.0
2026-05-22T19:10:00Z,20400.0
2026-05-22T19:15:00Z,20200.0
2026-05-22T19:20:00Z,20000.0
2026-05-22T19:25:00Z,19900.0
2026-05-22T19:30:00Z,19700.0
2026-05-22T19:35:00Z,19600.0
2026-05-22T19:40:00Z,19400.0
2026-05-22T19:45:00Z,19300.0
2026-05-22T19:50:00Z,19200.0
2026-05-22T19:55:00Z,19100.0
2026-05-22T20:00:00Z,19000.0
2026-05-22T20:05:00Z,18900.0
2026-05-22T20:10:00Z,18900.0
2026-05-22T20:15:00Z,18800.0
2026-05-22T20:20:00Z,18700.0
2026-05-22T20:25:00Z,18700.0
2026-05-22T20:30:00Z,18600.0
2026-05-22T20:35:00Z,18500.0
2026-05-22T20:40:00Z,18400.0
2026-05-22T20:45:00Z,18200.0
2026-05-22T20:50:00Z,18000.0
2026-05-22T20:55:00Z,17900.0
2026-05-22T21:00:00Z,17700.0
2026-05-22T21:05:00Z,17500.0
2026-05-22T21:10:00Z,17300.0
2026-05-22T21:15:00Z,17100.0
2026-05-22T21:20:00Z,17000.0
2026-05-22T21:25:00Z,16900.0
2026-05-22T21:30:00Z,17000.0
2026-05-22T21:35:00Z,17200.0
2026-05-22T21:40:00Z,17800.0
2026-05-22T21:45:00Z,18500.0
2026-05-22T21:50:00Z,18600.0
2026-05-22T21:55:00Z,18800.0
2026-05-22T22:00:00Z,19400.0
2026-05-22T22:05:00Z,19400.0
2026-05-22T22:10:00Z,19500.0
2026-05-22T22:15:00Z,19500.0
2026-05-22T22:20:00Z,19500.0
2026-05-22T22:25:00Z,19400.0
2026-05-22T22:30:00Z,19300.0
2026-05-22T22:35:00Z,19300.0
2026-05-22T22:40:00Z,19200.0
2026-05-22T22:45:00Z,19100.0
2026-05-22T22:50:00Z,18900.0
2026-05-22T22:55:00Z,18800.0
2026-05-22T23:00:00Z,18800.0
2026-05-22T23:05:00Z,18700.0
2026-05-22T23:10:00Z,18700.0
2026-05-22T23:15:00Z,18600.0
2026-05-22T23:20:00Z,18600.0
2026-05-22T23:25:00Z,18600.0
2026-05-22T23:30:00Z,18500.0
2026-05-22T23:35:00Z,18500.0
2026-05-22T23:40:00Z,18500.0
2026-05-22T23:45:00Z,18500.0
2026-05-22T23:50:00Z,18500.0
2026-05-22T23:55:00Z,18500.0
2026-05-23T00:00:00Z,18500.0
2026-05-23T00:05:00Z,18500.0
2026-05-23T00:10:00Z,18500.0
2026-05-23T00:15:00Z,18500.0
2026-05-23T00:20:00Z,18500.0
2026-05-23T00:25:00Z,18600.0
2026-05-23T00:30:00Z,18600.0
2026-05-23T00:35:00Z,18600.0
2026-05-23T00:40:00Z,18600.0
2026-05-23T00:45:00Z,18600.0
2026-05-23T00:50:00Z,18600.0
2026-05-23T00:55:00Z,18500.0
2026-05-23T01:00:00Z,18500.0
2026-05-23T01:05:00Z,18500.0
2026-05-23T01:10:00Z,18500.0
2026-05-23T01:15:00Z,18500.0
2026-05-23T01:20:00Z,18500.0
2026-05-23T01:25:00Z,18500.0
2026-05-23T01:30:00Z,18500.0
2026-05-23T01:35:00Z,18500.0
2026-05-23T01:40:00Z,18500.0
2026-05-23T01:45:00Z,18500.0
2026-05-23T01:50:00Z,18400.0
2026-05-23T01:55:00Z,18400.0
2026-05-23T02:00:00Z,18400.0
2026-05-23T02:05:00Z,18400.0
2026-05-23T02:10:00Z,18400.0
2026-05-23T02:15:00Z,18400.0
2026-05-23T02:20:00Z,18400.0
2026-05-23T02:25:00Z,18400.0
2026-05-23T02:30:00Z,18400.0
2026-05-23T02:35:00Z,18400.0
2026-05-23T02:40:00Z,18400.0
2026-05-23T02:45:00Z,18400.0
2026-05-23T02:50:00Z,18400.0
2026-05-23T02:55:00Z,18400.0
2026-05-23T03:00:00Z,18500.0
2026-05-23T03:05:00Z,18500.0
2026-05-23T03:10:00Z,18400.0
2026-05-23T03:15:00Z,18400.0
2026-05-23T03:20:00Z,18400.0
2026-05-23T03:25:00Z,18500.0
2026-05-23T03:30:00Z,18500.0
2026-05-23T03:35:00Z,18400.0
2026-05-23T03:40:00Z,18400.0
2026-05-23T03:45:00Z,18400.0
2026-05-23T03:50:00Z,18400.0
2026-05-23T03:55:00Z,18400.0
2026-05-23T04:00:00Z,18400.0
2026-05-23T04:05:00Z,18400.0
2026-05-23T04:10:00Z,18300.0
2026-05-23T04:15:00Z,18300.0
2026-05-23T04:20:00Z,18300.0
2026-05-23T04:25:00Z,18300.0
2026-05-23T04:30:00Z,18300.0
2026-05-23T04:35:00Z,18200.0
2026-05-23T04:40:00Z,18200.0
2026-05-23T04:45:00Z,18200.0
2026-05-23T04:50:00Z,18200.0
2026-05-23T04:55:00Z,18300.0
2026-05-23T05:00:00Z,18300.0
2026-05-23T05:05:00Z,18400.0
2026-05-23T05:10:00Z,18400.0
2026-05-23T05:15:00Z,18400.0
2026-05-23T05:20:00Z,18500.0
2026-05-23T05:25:00Z,18500.0
2026-05-23T05:30:00Z,18500.0
2026-05-23T05:35:00Z,18500.0
2026-05-23T05:40:00Z,18500.0
2026-05-23T05:45:00Z,18500.0
2026-05-23T05:50:00Z,18500.0
2026-05-23T05:55:00Z,18500.0
2026-05-23T06:00:00Z,18500.0
2026-05-23T06:05:00Z,18500.0
2026-05-23T06:10:00Z,18500.0
2026-05-23T06:15:00Z,18400.0
2026-05-23T06:20:00Z,18400.0
2026-05-23T06:25:00Z,18400.0
2026-05-23T06:30:00Z,18400.0
2026-05-23T06:35:00Z,18300.0
2026-05-23T06:40:00Z,18300.0
2026-05-23T06:45:00Z,18300.0
2026-05-23T06:50:00Z,18300.0
2026-05-23T06:55:00Z,18300.0
2026-05-23T07:00:00Z,18400.0
2026-05-23T07:05:00Z,18400.0
2026-05-23T07:10:00Z,18400.0
2026-05-23T07:15:00Z,18400.0
2026-05-23T07:20:00Z,18400.0
2026-05-23T07:25:00Z,18400.0
2026-05-23T07:30:00Z,18500.0
2026-05-23T07:35:00Z,18500.0
2026-05-23T07:40:00Z,18500.0
2026-05-23T07:45:00Z,18400.0
2026-05-23T07:50:00Z,18500.0
2026-05-23T07:55:00Z,18500.0
2026-05-23T08:00:00Z,18500.0
2026-05-23T08:05:00Z,18500.0
2026-05-23T08:10:00Z,18500.0
2026-05-23T08:15:00Z,18500.0
2026-05-23T08:20:00Z,18500.0
2026-05-23T08:25:00Z,18500.0
2026-05-23T08:30:00Z,18400.0
2026-05-23T08:35:00Z,18400.0
2026-05-23T08:40:00Z,18500.0
2026-05-23T08:45:00Z,18400.0
2026-05-23T08:50:00Z,18400.0
2026-05-23T08:55:00Z,18400.0
2026-05-23T09:00:00Z,18400.0
2026-05-23T09:05:00Z,18400.0
2026-05-23T09:10:00Z,18400.0
2026-05-23T09:15:00Z,18400.0
2026-05-23T09:20:00Z,18400.0
2026-05-23T09:25:00Z,18400.0
2026-05-23T09:30:00Z,18400.0
2026-05-23T09:35:00Z,18400.0
2026-05-23T09:40:00Z,18400.0
2026-05-23T09:45:00Z,18500.0
2026-05-23T09:50:00Z,18500.0
2026-05-23T09:55:00Z,18500.0
2026-05-23T10:00:00Z,18600.0
2026-05-23T10:05:00Z,18600.0
2026-05-23T10:10:00Z,18600.0
2026-05-23T10:15:00Z,18600.0
2026-05-23T10:20:00Z,18600.0
2026-05-23T10:25:00Z,18600.0
2026-05-23T10:30:00Z,18600.0
2026-05-23T10:35:00Z,18600.0
2026-05-23T10:40:00Z,18500.0
2026-05-23T10:45:00Z,18500.0
2026-05-23T10:50:00Z,18500.0
2026-05-23T10:55:00Z,18500.0
2026-05-23T11:00:00Z,18400.0
2026-05-23T11:05:00Z,18400.0
2026-05-23T11:10:00Z,18400.0
2026-05-23T11:15:00Z,18300.0
2026-05-23T11:20:00Z,18300.0
2026-05-23T11:25:00Z,18300.0
2026-05-23T11:30:00Z,18200.0
2026-05-23T11:35:00Z,18200.0
2026-05-23T11:40:00Z,18200.0
2026-05-23T11:45:00Z,18300.0
2026-05-23T11:50:00Z,18300.0
2026-05-23T11:55:00Z,18300.0
2026-05-23T12:00:00Z,18200.0
2026-05-23T12:05:00Z,18200.0
2026-05-23T12:10:00Z,18200.0
2026-05-23T12:15:00Z,18200.0
2026-05-23T12:20:00Z,18200.0
2026-05-23T12:25:00Z,18300.0
2026-05-23T12:30:00Z,18300.0
2026-05-23T12:35:00Z,18300.0
2026-05-23T12:40:00Z,18300.0
2026-05-23T12:45:00Z,18300.0
2026-05-23T12:50:00Z,18300.0
2026-05-23T12:55:00Z,18200.0
2026-05-23T13:00:00Z,18200.0
2026-05-23T13:05:00Z,18200.0
2026-05-23T13:10:00Z,18200.0
2026-05-23T13:15:00Z,18200.0
2026-05-23T13:20:00Z,18200.0
2026-05-23T13:25:00Z,18200.0
2026-05-23T13:30:00Z,18200.0
2026-05-23T13:35:00Z,18200.0
2026-05-23T13:40:00Z,18200.0
2026-05-23T13:45:00Z,18100.0
2026-05-23T13:50:00Z,18100.0
2026-05-23T13:55:00Z,18100.0
2026-05-23T14:00:00Z,18100.0
2026-05-23T14:05:00Z,18100.0
2026-05-23T14:10:00Z,18100.0
2026-05-23T14:15:00Z,18200.0
2026-05-23T14:20:00Z,18200.0
2026-05-23T14:25:00Z,18200.0
2026-05-23T14:30:00Z,18200.0
2026-05-23T14:35:00Z,18100.0
2026-05-23T14:40:00Z,18100.0
2026-05-23T14:45:00Z,18200.0
2026-05-23T14:50:00Z,18100.0
2026-05-23T14:55:00Z,18100.0
2026-05-23T15:00:00Z,18100.0
2026-05-23T15:05:00Z,18100.0
2026-05-23T15:10:00Z,18100.0
2026-05-23T15:15:00Z,18100.0
2026-05-23T15:20:00Z,18100.0
2026-05-23T15:25:00Z,18100.0
2026-05-23T15:30:00Z,18100.0
2026-05-23T15:35:00Z,18100.0
2026-05-23T15:40:00Z,18100.0
2026-05-23T15:45:00Z,18100.0
2026-05-23T15:50:00Z,18100.0
2026-05-23T15:55:00Z,18100.0
2026-05-23T16:00:00Z,18100.0
2026-05-23T16:05:00Z,18000.0
2026-05-23T16:10:00Z,18000.0
2026-05-23T16:15:00Z,18000.0
2026-05-23T16:20:00Z,18000.0
2026-05-23T16:25:00Z,18000.0
2026-05-23T16:30:00Z,18000.0
2026-05-23T16:35:00Z,18000.0
2026-05-23T16:40:00Z,17900.0
2026-05-23T16:45:00Z,17900.0
2026-05-23T16:50:00Z,17900.0
2026-05-23T16:55:00Z,17900.0
2026-05-23T17:00:00Z,17900.0
2026-05-23T17:05:00Z,17900.0
2026-05-23T17:10:00Z,17900.0
2026-05-23T17:15:00Z,17900.0
2026-05-23T17:20:00Z,17800.0
2026-05-23T17:25:00Z,17800.0
2026-05-23T17:30:00Z,17800.0
2026-05-23T17:35:00Z,17800.0
2026-05-23T17:40:00Z,17800.0
2026-05-23T17:45:00Z,17700.0
2026-05-23T17:50:00Z,17700.0
2026-05-23T17:55:00Z,17700.0
2026-05-23T18:00:00Z,17700.0
2026-05-23T18:05:00Z,17700.0
2026-05-23T18:10:00Z,17700.0
2026-05-23T18:15:00Z,17800.0
2026-05-23T18:20:00Z,17800.0
2026-05-23T18:25:00Z,17800.0
2026-05-23T18:30:00Z,17800.0
2026-05-23T18:35:00Z,17800.0
2026-05-23T18:40:00Z,17800.0
2026-05-23T18:45:00Z,17800.0
2026-05-23T18:50:00Z,17800.0
2026-05-23T18:55:00Z,17800.0
2026-05-23T19:00:00Z,17800.0
2026-05-23T19:05:00Z,17700.0
2026-05-23T19:10:00Z,17700.0
2026-05-23T19:15:00Z,17600.0
2026-05-23T19:20:00Z,17600.0
2026-05-23T19:25:00Z,17500.0
2026-05-23T19:30:00Z,17500.0
2026-05-23T19:35:00Z,17400.0
2026-05-23T19:40:00Z,17400.0
2026-05-23T19:45:00Z,17300.0
2026-05-23T19:50:00Z,17300.0
2026-05-23T19:55:00Z,17300.0
2026-05-23T20:00:00Z,17300.0
2026-05-23T20:05:00Z,17300.0
2026-05-23T20:10:00Z,17300.0
2026-05-23T20:15:00Z,17300.0
2026-05-23T20:20:00Z,17300.0
2026-05-23T20:25:00Z,17300.0
2026-05-23T20:30:00Z,17300.0
2026-05-23T20:35:00Z,17300.0
2026-05-23T20:40:00Z,17300.0
2026-05-23T20:45:00Z,17300.0
2026-05-23T20:50:00Z,17400.0
2026-05-23T20:55:00Z,17400.0
2026-05-23T21:00:00Z,17400.0
2026-05-23T21:05:00Z,17400.0
2026-05-23T21:10:00Z,17400.0
2026-05-23T21:15:00Z,17400.0
2026-05-23T21:20:00Z,17400.0
2026-05-23T21:25:00Z,17400.0
2026-05-23T21:30:00Z,17400.0
2026-05-23T21:35:00Z,17400.0
2026-05-23T21:40:00Z,17400.0
2026-05-23T21:45:00Z,17400.0
2026-05-23T21:50:00Z,17400.0
2026-05-23T21:55:00Z,17400.0
2026-05-23T22:00:00Z,17300.0
2026-05-23T22:05:00Z,17400.0
2026-05-23T22:10:00Z,17400.0
2026-05-23T22:15:00Z,17400.0
2026-05-23T22:20:00Z,17400.0
2026-05-23T22:25:00Z,17400.0
2026-05-23T22:30:00Z,17400.0
2026-05-23T22:35:00Z,17400.0
2026-05-23T22:40:00Z,17500.0
2026-05-23T22:45:00Z,17500.0
2026-05-23T22:50:00Z,17500.0
2026-05-23T22:55:00Z,17600.0
2026-05-23T23:00:00Z,17600.0
2026-05-23T23:05:00Z,17600.0
2026-05-23T23:10:00Z,17600.0
2026-05-23T23:15:00Z,17600.0
2026-05-23T23:20:00Z,17600.0
2026-05-23T23:25:00Z,17600.0
2026-05-23T23:30:00Z,17500.0
2026-05-23T23:35:00Z,17500.0
2026-05-23T23:40:00Z,17500.0
2026-05-23T23:45:00Z,17500.0
2026-05-23T23:50:00Z,17400.0
2026-05-23T23:55:00Z,17400.0
2026-05-24T00:00:00Z,17400.0
2026-05-24T00:05:00Z,17300.0
2026-05-24T00:10:00Z,17300.0
2026-05-24T00:15:00Z,17300.0
2026-05-24T00:20:00Z,17200.0
2026-05-24T00:25:00Z,17200.0
2026-05-24T00:30:00Z,17200.0
2026-05-24T00:35:00Z,17200.0
2026-05-24T00:40:00Z,17200.0
2026-05-24T00:45:00Z,17200.0
2026-05-24T00:50:00Z,17200.0
2026-05-24T00:55:00Z,17200.0
2026-05-24T01:00:00Z,17200.0
2026-05-24T01:05:00Z,17200.0
2026-05-24T01:10:00Z,17200.0
2026-05-24T01:15:00Z,17200.0
2026-05-24T01:20:00Z,17200.0
2026-05-24T01:25:00Z,17200.0
2026-05-24T01:30:00Z,17200.0
2026-05-24T01:35:00Z,17200.0
2026-05-24T01:40:00Z,17300.0
2026-05-24T01:45:00Z,17300.0
2026-05-24T01:50:00Z,17300.0
2026-05-24T01:55:00Z,17300.0
2026-05-24T02:00:00Z,17300.0
2026-05-24T02:05:00Z,17300.0
2026-05-24T02:10:00Z,17300.0
2026-05-24T02:15:00Z,17300.0
2026-05-24T02:20:00Z,17300.0
2026-05-24T02:25:00Z,17300.0
2026-05-24T02:30:00Z,17200.0
2026-05-24T02:35:00Z,17200.0
2026-05-24T02:40:00Z,17200.0
2026-05-24T02:45:00Z,17200.0
2026-05-24T02:50:00Z,17200.0
2026-05-24T02:55:00Z,17200.0
2026-05-24T03:00:00Z,17200.0
2026-05-24T03:05:00Z,17200.0
2026-05-24T03:10:00Z,17200.0
2026-05-24T03:15:00Z,17200.0
2026-05-24T03:20:00Z,17100.0
2026-05-24T03:25:00Z,17100.0
2026-05-24T03:30:00Z,17100.0
2026-05-24T03:35:00Z,17100.0
2026-05-24T03:40:00Z,17100.0
2026-05-24T03:45:00Z,17200.0
2026-05-24T03:50:00Z,17100.0
2026-05-24T03:55:00Z,17200.0
2026-05-24T04:00:00Z,17200.0
2026-05-24T04:05:00Z,17100.0
2026-05-24T04:10:00Z,17100.0
2026-05-24T04:15:00Z,17100.0
2026-05-24T04:20:00Z,17200.0
2026-05-24T04:25:00Z,17100.0
2026-05-24T04:30:00Z,17100.0
2026-05-24T04:35:00Z,17100.0
2026-05-24T04:40:00Z,17200.0
2026-05-24T04:45:00Z,17200.0
2026-05-24T04:50:00Z,17200.0
2026-05-24T04:55:00Z,17200.0
2026-05-24T05:00:00Z,17200.0
2026-05-24T05:05:00Z,17200.0
2026-05-24T05:10:00Z,17200.0
2026-05-24T05:15:00Z,17200.0
2026-05-24T05:20:00Z,17200.0
2026-05-24T05:25:00Z,17200.0
2026-05-24T05:30:00Z,17200.0
2026-05-24T05:35:00Z,17200.0
2026-05-24T05:40:00Z,17200.0
2026-05-24T05:45:00Z,17200.0
2026-05-24T05:50:00Z,17200.0
2026-05-24T05:55:00Z,17200.0
2026-05-24T06:00:00Z,17100.0
2026-05-24T06:05:00Z,17100.0
2026-05-24T06:10:00Z,17100.0
2026-05-24T06:15:00Z,17000.0
2026-05-24T06:20:00Z,17000.0
2026-05-24T06:25:00Z,16900.0
2026-05-24T06:30:00Z,16900.0
2026-05-24T06:35:00Z,16900.0
2026-05-24T06:40:00Z,16900.0
2026-05-24T06:45:00Z,16900.0
2026-05-24T06:50:00Z,16900.0
2026-05-24T06:55:00Z,17000.0
2026-05-24T07:00:00Z,17100.0
2026-05-24T07:05:00Z,17200.0
2026-05-24T07:10:00Z,17200.0
2026-05-24T07:15:00Z,17300.0
2026-05-24T07:20:00Z,17400.0
2026-05-24T07:25:00Z,17400.0
2026-05-24T07:30:00Z,17400.0
2026-05-24T07:35:00Z,17400.0
2026-05-24T07:40:00Z,17400.0
2026-05-24T07:45:00Z,17400.0
2026-05-24T07:50:00Z,17400.0
2026-05-24T07:55:00Z,17400.0
2026-05-24T08:00:00Z,17400.0
2026-05-24T08:05:00Z,17300.0
2026-05-24T08:10:00Z,17300.0
2026-05-24T08:15:00Z,17300.0
2026-05-24T08:20:00Z,17200.0
2026-05-24T08:25:00Z,17200.0
2026-05-24T08:30:00Z,17200.0
2026-05-24T08:35:00Z,17200.0
2026-05-24T08:40:00Z,17200.0
2026-05-24T08:45:00Z,17100.0
2026-05-24T08:50:00Z,17100.0
2026-05-24T08:55:00Z,17100.0
2026-05-24T09:00:00Z,17100.0
2026-05-24T09:05:00Z,17100.0
2026-05-24T09:10:00Z,17200.0
2026-05-24T09:15:00Z,17200.0
2026-05-24T09:20:00Z,17200.0
2026-05-24T09:25:00Z,17200.0
2026-05-24T09:30:00Z,17300.0
2026-05-24T09:35:00Z,17300.0
2026-05-24T09:40:00Z,17300.0
2026-05-24T09:45:00Z,17300.0
2026-05-24T09:50:00Z,17400.0
2026-05-24T09:55:00Z,17400.0
2026-05-24T10:00:00Z,17400.0
2026-05-24T10:05:00Z,17400.0
2026-05-24T10:10:00Z,17400.0
2026-05-24T10:15:00Z,17400.0
2026-05-24T10:20:00Z,17400.0
2026-05-24T10:25:00Z,17400.0
2026-05-24T10:30:00Z,17400.0
2026-05-24T10:35:00Z,17400.0
2026-05-24T10:40:00Z,17300.0
2026-05-24T10:45:00Z,17300.0
2026-05-24T10:50:00Z,17300.0
2026-05-24T10:55:00Z,17300.0
2026-05-24T11:00:00Z,17300.0
2026-05-24T11:05:00Z,17300.0
2026-05-24T11:10:00Z,17300.0
2026-05-24T11:15:00Z,17200.0
2026-05-24T11:20:00Z,17200.0
2026-05-24T11:25:00Z,17200.0
2026-05-24T11:30:00Z,17200.0
2026-05-24T11:35:00Z,17200.0
2026-05-24T11:40:00Z,17200.0
2026-05-24T11:45:00Z,17200.0
2026-05-24T11:50:00Z,17200.0
2026-05-24T11:55:00Z,17200.0
2026-05-24T12:00:00Z,17200.0
2026-05-24T12:05:00Z,17200.0
2026-05-24T12:10:00Z,17200.0
2026-05-24T12:15:00Z,17200.0
2026-05-24T12:20:00Z,17200.0
2026-05-24T12:25:00Z,17100.0
2026-05-24T12:30:00Z,17000.0
2026-05-24T12:35:00Z,16800.0
2026-05-24T12:40:00Z,16700.0
2026-05-24T12:45:00Z,16700.0
2026-05-24T12:50:00Z,16800.0
2026-05-24T12:55:00Z,17000.0
2026-05-24T13:00:00Z,17600.0
2026-05-24T13:05:00Z,17600.0
2026-05-24T13:10:00Z,17700.0
2026-05-24T13:15:00Z,17700.0
2026-05-24T13:20:00Z,17700.0
2026-05-24T13:25:00Z,17600.0
2026-05-24T13:30:00Z,17600.0
2026-05-24T13:35:00Z,17500.0
2026-05-24T13:40:00Z,17500.0
2026-05-24T13:45:00Z,17400.0
2026-05-24T13:50:00Z,17300.0
2026-05-24T13:55:00Z,17300.0
2026-05-24T14:00:00Z,17200.0
2026-05-24T14:05:00Z,17200.0
2026-05-24T14:10:00Z,17200.0
2026-05-24T14:15:00Z,17200.0
2026-05-24T14:20:00Z,17200.0
2026-05-24T14:25:00Z,17200.0
2026-05-24T14:30:00Z,17100.0
2026-05-24T14:35:00Z,17100.0
2026-05-24T14:40:00Z,17100.0
2026-05-24T14:45:00Z,17100.0
2026-05-24T14:50:00Z,17100.0
2026-05-24T14:55:00Z,17100.0
2026-05-24T15:00:00Z,17100.0
2026-05-24T15:05:00Z,17100.0
2026-05-24T15:10:00Z,17100.0
2026-05-24T15:15:00Z,17000.0
2026-05-24T15:20:00Z,17000.0
2026-05-24T15:25:00Z,17000.0
2026-05-24T15:30:00Z,16900.0
2026-05-24T15:35:00Z,16900.0
2026-05-24T15:40:00Z,16800.0
2026-05-24T15:45:00Z,16800.0
2026-05-24T15:50:00Z,16800.0
2026-05-24T15:55:00Z,16800.0
2026-05-24T16:00:00Z,16800.0
2026-05-24T16:05:00Z,16900.0
2026-05-24T16:10:00Z,16900.0
2026-05-24T16:15:00Z,17000.0
2026-05-24T16:20:00Z,17000.0
2026-05-24T16:25:00Z,17100.0
2026-05-24T16:30:00Z,17100.0
2026-05-24T16:35:00Z,17100.0
2026-05-24T16:40:00Z,17100.0
2026-05-24T16:45:00Z,17100.0
2026-05-24T16:50:00Z,17100.0
2026-05-24T16:55:00Z,17100.0
2026-05-24T17:00:00Z,17000.0
2026-05-24T17:05:00Z,17000.0
2026-05-24T17:10:00Z,17000.0
2026-05-24T17:15:00Z,17000.0
2026-05-24T17:20:00Z,17000.0
2026-05-24T17:25:00Z,17000.0
2026-05-24T17:30:00Z,17100.0
2026-05-24T17:35:00Z,17100.0
2026-05-24T17:40:00Z,17100.0
2026-05-24T17:45:00Z,17100.0
2026-05-24T17:50:00Z,17100.0
2026-05-24T17:55:00Z,17100.0
2026-05-24T18:00:00Z,17100.0
2026-05-24T18:05:00Z,17100.0
2026-05-24T18:10:00Z,17100.0
2026-05-24T18:15:00Z,17000.0
2026-05-24T18:20:00Z,17000.0
2026-05-24T18:25:00Z,17000.0
2026-05-24T18:30:00Z,16900.0
2026-05-24T18:35:00Z,16900.0
2026-05-24T18:40:00Z,16900.0
2026-05-24T18:45:00Z,16800.0
2026-05-24T18:50:00Z,16800.0
2026-05-24T18:55:00Z,16800.0
2026-05-24T19:00:00Z,16700.0
2026-05-24T19:05:00Z,16700.0
2026-05-24T19:10:00Z,16700.0
2026-05-24T19:15:00Z,16600.0
2026-05-24T19:20:00Z,16600.0
2026-05-24T19:25:00Z,16600.0
2026-05-24T19:30:00Z,16500.0
2026-05-24T19:35:00Z,16500.0
2026-05-24T19:40:00Z,16500.0
2026-05-24T19:45:00Z,16400.0
2026-05-24T19:50:00Z,16400.0
2026-05-24T19:55:00Z,16400.0
2026-05-24T20:00:00Z,16400.0
2026-05-24T20:05:00Z,16400.0
2026-05-24T20:10:00Z,16400.0
2026-05-24T20:15:00Z,16400.0
2026-05-24T20:20:00Z,16400.0
2026-05-24T20:25:00Z,16400.0
2026-05-24T20:30:00Z,16500.0
2026-05-24T20:35:00Z,16500.0
2026-05-24T20:40:00Z,16600.0
2026-05-24T20:45:00Z,16600.0
2026-05-24T20:50:00Z,16600.0
2026-05-24T20:55:00Z,16700.0
2026-05-24T21:00:00Z,16700.0
2026-05-24T21:05:00Z,16700.0
2026-05-24T21:10:00Z,16700.0
2026-05-24T21:15:00Z,16700.0
2026-05-24T21:20:00Z,16700.0
2026-05-24T21:25:00Z,16700.0
2026-05-24T21:30:00Z,16700.0
2026-05-24T21:35:00Z,16700.0
2026-05-24T21:40:00Z,16700.0
2026-05-24T21:45:00Z,16700.0
2026-05-24T21:50:00Z,16600.0
2026-05-24T21:55:00Z,16600.0
2026-05-24T22:00:00Z,16600.0
2026-05-24T22:05:00Z,16600.0
2026-05-24T22:10:00Z,16600.0
2026-05-24T22:15:00Z,16500.0
2026-05-24T22:20:00Z,16500.0
2026-05-24T22:25:00Z,16500.0
2026-05-24T22:30:00Z,16500.0
2026-05-24T22:35:00Z,16500.0
2026-05-24T22:40:00Z,16500.0
2026-05-24T22:45:00Z,16500.0
2026-05-24T22:50:00Z,16500.0
2026-05-24T22:55:00Z,16500.0
2026-05-24T23:00:00Z,16500.0
2026-05-24T23:05:00Z,16500.0
2026-05-24T23:10:00Z,16400.0
2026-05-24T23:15:00Z,16400.0
2026-05-24T23:20:00Z,16400.0
2026-05-24T23:25:00Z,16400.0
2026-05-24T23:30:00Z,16400.0
2026-05-24T23:35:00Z,16300.0
2026-05-24T23:40:00Z,16300.0
2026-05-24T23:45:00Z,16300.0
2026-05-24T23:50:00Z,16300.0
2026-05-24T23:55:00Z,16200.0
2026-05-25T00:00:00Z,16200.0
2026-05-25T00:05:00Z,16300.0
2026-05-25T00:10:00Z,16300.0
2026-05-25T00:15:00Z,16300.0
2026-05-25T00:20:00Z,16400.0
2026-05-25T00:25:00Z,16400.0
2026-05-25T00:30:00Z,16400.0
2026-05-25T00:35:00Z,16400.0
2026-05-25T00:40:00Z,16400.0
2026-05-25T00:45:00Z,16400.0
2026-05-25T00:50:00Z,16400.0
2026-05-25T00:55:00Z,16400.0
2026-05-25T01:00:00Z,16400.0
2026-05-25T01:05:00Z,16400.0
2026-05-25T01:10:00Z,16400.0
2026-05-25T01:15:00Z,16400.0
2026-05-25T01:20:00Z,16300.0
2026-05-25T01:25:00Z,16300.0
2026-05-25T01:30:00Z,16300.0
2026-05-25T01:35:00Z,16300.0
2026-05-25T01:40:00Z,16300.0
2026-05-25T01:45:00Z,16200.0
2026-05-25T01:50:00Z,16200.0
2026-05-25T01:55:00Z,16200.0
2026-05-25T02:00:00Z,16200.0
2026-05-25T02:05:00Z,16200.0
2026-05-25T02:10:00Z,16200.0
2026-05-25T02:15:00Z,16200.0
2026-05-25T02:20:00Z,16300.0
2026-05-25T02:25:00Z,16300.0
2026-05-25T02:30:00Z,16300.0
2026-05-25T02:35:00Z,16300.0
2026-05-25T02:40:00Z,16300.0
2026-05-25T02:45:00Z,16400.0
2026-05-25T02:50:00Z,16400.0
2026-05-25T02:55:00Z,16400.0
2026-05-25T03:00:00Z,16500.0
2026-05-25T03:05:00Z,16500.0
2026-05-25T03:10:00Z,16500.0
2026-05-25T03:15:00Z,16600.0
2026-05-25T03:20:00Z,16600.0
2026-05-25T03:25:00Z,16600.0
2026-05-25T03:30:00Z,16700.0
2026-05-25T03:35:00Z,16700.0
2026-05-25T03:40:00Z,16700.0
2026-05-25T03:45:00Z,16700.0
2026-05-25T03:50:00Z,16700.0
2026-05-25T03:55:00Z,16700.0
2026-05-25T04:00:00Z,16700.0
2026-05-25T04:05:00Z,16700.0
2026-05-25T04:10:00Z,16700.0
2026-05-25T04:15:00Z,16700.0
2026-05-25T04:20:00Z,16700.0
2026-05-25T04:25:00Z,16700.0
2026-05-25T04:30:00Z,16700.0
2026-05-25T04:35:00Z,16700.0
2026-05-25T04:40:00Z,16700.0
2026-05-25T04:45:00Z,16700.0
2026-05-25T04:50:00Z,16700.0
2026-05-25T04:55:00Z,16700.0
2026-05-25T05:00:00Z,16700.0
2026-05-25T05:05:00Z,16700.0
2026-05-25T05:10:00Z,16700.0
2026-05-25T05:15:00Z,16700.0
2026-05-25T05:20:00Z,16700.0
2026-05-25T05:25:00Z,16600.0
2026-05-25T05:30:00Z,16600.0
2026-05-25T05:35:00Z,16600.0
2026-05-25T05:40:00Z,16500.0
2026-05-25T05:45:00Z,16500.0
2026-05-25T05:50:00Z,16500.0
2026-05-25T05:55:00Z,16500.0
2026-05-25T06:00:00Z,16500.0
2026-05-25T06:05:00Z,16500.0
2026-05-25T06:10:00Z,16500.0
2026-05-25T06:15:00Z,16400.0
2026-05-25T06:20:00Z,16400.0
2026-05-25T06:25:00Z,16400.0
2026-05-25T06:30:00Z,16400.0
2026-05-25T06:35:00Z,16400.0
2026-05-25T06:40:00Z,16400.0
2026-05-25T06:45:00Z,16400.0
2026-05-25T06:50:00Z,16400.0
2026-05-25T06:55:00Z,16400.0
2026-05-25T07:00:00Z,16300.0
2026-05-25T07:05:00Z,16300.0
2026-05-25T07:10:00Z,16300.0
2026-05-25T07:15:00Z,16300.0
2026-05-25T07:20:00Z,16300.0
2026-05-25T07:25:00Z,16300.0
2026-05-25T07:30:00Z,16300.0
2026-05-25T07:35:00Z,16300.0
2026-05-25T07:40:00Z,16300.0
2026-05-25T07:45:00Z,16300.0
2026-05-25T07:50:00Z,16300.0
2026-05-25T07:55:00Z,16300.0
2026-05-25T08:00:00Z,16300.0
2026-05-25T08:05:00Z,16300.0
2026-05-25T08:10:00Z,16300.0
2026-05-25T08:15:00Z,16300.0
2026-05-25T08:20:00Z,16300.0
2026-05-25T08:25:00Z,16300.0
2026-05-25T08:30:00Z,16300.0
2026-05-25T08:35:00Z,16300.0
2026-05-25T08:40:00Z,16300.0
2026-05-25T08:45:00Z,16300.0
2026-05-25T08:50:00Z,16300.0
2026-05-25T08:55:00Z,16300.0
2026-05-25T09:00:00Z,16300.0
2026-05-25T09:05:00Z,16300.0
2026-05-25T09:10:00Z,16300.0
2026-05-25T09:15:00Z,16300.0
2026-05-25T09:20:00Z,16300.0
2026-05-25T09:25:00Z,16300.0
2026-05-25T09:30:00Z,16300.0
2026-05-25T09:35:00Z,16300.0
2026-05-25T09:40:00Z,16300.0
2026-05-25T09:45:00Z,16300.0
2026-05-25T09:50:00Z,16300.0
2026-05-25T09:55:00Z,16300.0
2026-05-25T10:00:00Z,16300.0
2026-05-25T10:05:00Z,16400.0
2026-05-25T10:10:00Z,16400.0
2026-05-25T10:15:00Z,16400.0
2026-05-25T10:20:00Z,16400.0
2026-05-25T10:25:00Z,16400.0
2026-05-25T10:30:00Z,16400.0
2026-05-25T10:35:00Z,16400.0
2026-05-25T10:40:00Z,16400.0
2026-05-25T10:45:00Z,16400.0
2026-05-25T10:50:00Z,16400.0
2026-05-25T10:55:00Z,16300.0
2026-05-25T11:00:00Z,16300.0
2026-05-25T11:05:00Z,16300.0
2026-05-25T11:10:00Z,16300.0
2026-05-25T11:15:00Z,16300.0
2026-05-25T11:20:00Z,16400.0
2026-05-25T11:25:00Z,16400.0
2026-05-25T11:30:00Z,16400.0
2026-05-25T11:35:00Z,16400.0
2026-05-25T11:40:00Z,16400.0
2026-05-25T11:45:00Z,16400.0
2026-05-25T11:50:00Z,16400.0
2026-05-25T11:55:00Z,16300.0
2026-05-25T12:00:00Z,16300.0
2026-05-25T12:05:00Z,16300.0
2026-05-25T12:10:00Z,16300.0
2026-05-25T12:15:00Z,16200.0
2026-05-25T12:20:00Z,16300.0
2026-05-25T12:25:00Z,16300.0
2026-05-25T12:30:00Z,16300.0
2026-05-25T12:35:00Z,16300.0
2026-05-25T12:40:00Z,16200.0
2026-05-25T12:45:00Z,16200.0
2026-05-25T12:50:00Z,16200.0
2026-05-25T12:55:00Z,16200.0
2026-05-25T13:00:00Z,16200.0
2026-05-25T13:05:00Z,16100.0
2026-05-25T13:10:00Z,16100.0
2026-05-25T13:15:00Z,16100.0
2026-05-25T13:20:00Z,16100.0
2026-05-25T13:25:00Z,16200.0
2026-05-25T13:30:00Z,16200.0
2026-05-25T13:35:00Z,16200.0
2026-05-25T13:40:00Z,16200.0
2026-05-25T13:45:00Z,16200.0
2026-05-25T13:50:00Z,16200.0
2026-05-25T13:55:00Z,16100.0
2026-05-25T14:00:00Z,16100.0
2026-05-25T14:05:00Z,16100.0
2026-05-25T14:10:00Z,16100.0
2026-05-25T14:15:00Z,16100.0
2026-05-25T14:20:00Z,16100.0
2026-05-25T14:25:00Z,16100.0
2026-05-25T14:30:00Z,16100.0
2026-05-25T14:35:00Z,16100.0
2026-05-25T14:40:00Z,16100.0
2026-05-25T14:45:00Z,16000.0
2026-05-25T14:50:00Z,16000.0
2026-05-25T14:55:00Z,16000.0
2026-05-25T15:00:00Z,16000.0
2026-05-25T15:05:00Z,16000.0
2026-05-25T15:10:00Z,16000.0
2026-05-25T15:15:00Z,16000.0
2026-05-25T15:20:00Z,16000.0
2026-05-25T15:25:00Z,16000.0
2026-05-25T15:30:00Z,16000.0
2026-05-25T15:35:00Z,16000.0
2026-05-25T15:40:00Z,16000.0
2026-05-25T15:45:00Z,16000.0
2026-05-25T15:50:00Z,16000.0
2026-05-25T15:55:00Z,16000.0
2026-05-25T16:00:00Z,15900.0
2026-05-25T16:05:00Z,15900.0
2026-05-25T16:10:00Z,15900.0
2026-05-25T16:15:00Z,15800.0
2026-05-25T16:20:00Z,15700.0
2026-05-25T16:25:00Z,15700.0
2026-05-25T16:30:00Z,15600.0
2026-05-25T16:35:00Z,15500.0
2026-05-25T16:40:00Z,15500.0
2026-05-25T16:45:00Z,15500.0
2026-05-25T16:50:00Z,15400.0
2026-05-25T16:55:00Z,15400.0
2026-05-25T17:00:00Z,15400.0
2026-05-25T17:05:00Z,15500.0
2026-05-25T17:10:00Z,15600.0
2026-05-25T17:15:00Z,15600.0
2026-05-25T17:20:00Z,15600.0
2026-05-25T17:25:00Z,15700.0
2026-05-25T17:30:00Z,15700.0
2026-05-25T17:35:00Z,15700.0
2026-05-25T17:40:00Z,15700.0
2026-05-25T17:45:00Z,15700.0
2026-05-25T17:50:00Z,15700.0
2026-05-25T17:55:00Z,15700.0
2026-05-25T18:00:00Z,15700.0
2026-05-25T18:05:00Z,15800.0
2026-05-25T18:10:00Z,15800.0
2026-05-25T18:15:00Z,15800.0
2026-05-25T18:20:00Z,15900.0
2026-05-25T18:25:00Z,15900.0
2026-05-25T18:30:00Z,15900.0
2026-05-25T18:35:00Z,15900.0
2026-05-25T18:40:00Z,15900.0
2026-05-25T18:45:00Z,15900.0
2026-05-25T18:50:00Z,15900.0
2026-05-25T18:55:00Z,15900.0
2026-05-25T19:00:00Z,15900.0
2026-05-25T19:05:00Z,15800.0
2026-05-25T19:10:00Z,15800.0
2026-05-25T19:15:00Z,15800.0
2026-05-25T19:20:00Z,15700.0
2026-05-25T19:25:00Z,15700.0
2026-05-25T19:30:00Z,15700.0
2026-05-25T19:35:00Z,15600.0
2026-05-25T19:40:00Z,15600.0
2026-05-25T19:45:00Z,15600.0
2026-05-25T19:50:00Z,15500.0
2026-05-25T19:55:00Z,15500.0
2026-05-25T20:00:00Z,15500.0
2026-05-25T20:05:00Z,15500.0
2026-05-25T20:10:00Z,15400.0
2026-05-25T20:15:00Z,15400.0
2026-05-25T20:20:00Z,15400.0
2026-05-25T20:25:00Z,15300.0
2026-05-25T20:30:00Z,15300.0
2026-05-25T20:35:00Z,15300.0
2026-05-25T20:40:00Z,15200.0
2026-05-25T20:45:00Z,15200.0
2026-05-25T20:50:00Z,15100.0
2026-05-25T20:55:00Z,15100.0
2026-05-25T21:00:00Z,15000.0
2026-05-25T21:05:00Z,15000.0
2026-05-25T21:10:00Z,15000.0
2026-05-25T21:15:00Z,15000.0
2026-05-25T21:20:00Z,15000.0
2026-05-25T21:25:00Z,15100.0
2026-05-25T21:30:00Z,15100.0
2026-05-25T21:35:00Z,15200.0
2026-05-25T21:40:00Z,15300.0
2026-05-25T21:45:00Z,15300.0
2026-05-25T21:50:00Z,15400.0
2026-05-25T21:55:00Z,15400.0
2026-05-25T22:00:00Z,15500.0
2026-05-25T22:05:00Z,15500.0
2026-05-25T22:10:00Z,15500.0
2026-05-25T22:15:00Z,15500.0
2026-05-25T22:20:00Z,15500.0
2026-05-25T22:25:00Z,15500.0
2026-05-25T22:30:00Z,15500.0
2026-05-25T22:35:00Z,15500.0
2026-05-25T22:40:00Z,15400.0
2026-05-25T22:45:00Z,15400.0
2026-05-25T22:50:00Z,15400.0
2026-05-25T22:55:00Z,15400.0
2026-05-25T23:00:00Z,15300.0
2026-05-25T23:05:00Z,15300.0
2026-05-25T23:10:00Z,15200.0
2026-05-25T23:15:00Z,15200.0
2026-05-25T23:20:00Z,15200.0
2026-05-25T23:25:00Z,15200.0
2026-05-25T23:30:00Z,15200.0
2026-05-25T23:35:00Z,15200.0
2026-05-25T23:40:00Z,15200.0
2026-05-25T23:45:00Z,15200.0
2026-05-25T23:50:00Z,15200.0
2026-05-25T23:55:00Z,15200.0
2026-05-26T00:00:00Z,15200.0
2026-05-26T00:05:00Z,15300.0
2026-05-26T00:10:00Z,15300.0
2026-05-26T00:15:00Z,15200.0
2026-05-26T00:20:00Z,15300.0
2026-05-26T00:25:00Z,15300.0
2026-05-26T00:30:00Z,15300.0
2026-05-26T00:35:00Z,15300.0
2026-05-26T00:40:00Z,15300.0
2026-05-26T00:45:00Z,15300.0
2026-05-26T00:50:00Z,15300.0
2026-05-26T00:55:00Z,15300.0
2026-05-26T01:00:00Z,15300.0
2026-05-26T01:05:00Z,15300.0
2026-05-26T01:10:00Z,15200.0
2026-05-26T01:15:00Z,15200.0
2026-05-26T01:20:00Z,15200.0
2026-05-26T01:25:00Z,15200.0
2026-05-26T01:30:00Z,15200.0
2026-05-26T01:35:00Z,15200.0
2026-05-26T01:40:00Z,15200.0
2026-05-26T01:45:00Z,15200.0
2026-05-26T01:50:00Z,15200.0
2026-05-26T01:55:00Z,15100.0
2026-05-26T02:00:00Z,15100.0
2026-05-26T02:05:00Z,15100.0
2026-05-26T02:10:00Z,15100.0
2026-05-26T02:15:00Z,15100.0
2026-05-26T02:20:00Z,15100.0
2026-05-26T02:25:00Z,15100.0
2026-05-26T02:30:00Z,15100.0
2026-05-26T02:35:00Z,15100.0
2026-05-26T02:40:00Z,15100.0
2026-05-26T02:45:00Z,15100.0
2026-05-26T02:50:00Z,15100.0
2026-05-26T02:55:00Z,15100.0
2026-05-26T03:00:00Z,15100.0
2026-05-26T03:05:00Z,15100.0
2026-05-26T03:10:00Z,15100.0
2026-05-26T03:15:00Z,15100.0
2026-05-26T03:20:00Z,15100.0
2026-05-26T03:25:00Z,15100.0
2026-05-26T03:30:00Z,15100.0
2026-05-26T03:35:00Z,15100.0
2026-05-26T03:40:00Z,15100.0
2026-05-26T03:45:00Z,15100.0
2026-05-26T03:50:00Z,15200.0
2026-05-26T03:55:00Z,15200.0
2026-05-26T04:00:00Z,15200.0
2026-05-26T04:05:00Z,15200.0
2026-05-26T04:10:00Z,15200.0
2026-05-26T04:15:00Z,15200.0
2026-05-26T04:20:00Z,15200.0
2026-05-26T04:25:00Z,15200.0
2026-05-26T04:30:00Z,15200.0
2026-05-26T04:35:00Z,15200.0
2026-05-26T04:40:00Z,15200.0
2026-05-26T04:45:00Z,15200.0
2026-05-26T04:50:00Z,15200.0
2026-05-26T04:55:00Z,15200.0
2026-05-26T05:00:00Z,15200.0
2026-05-26T05:05:00Z,15200.0
2026-05-26T05:10:00Z,15200.0
2026-05-26T05:15:00Z,15200.0
2026-05-26T05:20:00Z,15200.0
2026-05-26T05:25:00Z,15200.0
2026-05-26T05:30:00Z,15200.0
2026-05-26T05:35:00Z,15200.0
2026-05-26T05:40:00Z,15200.0
2026-05-26T05:45:00Z,15200.0
2026-05-26T05:50:00Z,15200.0
2026-05-26T05:55:00Z,15200.0
2026-05-26T06:00:00Z,15200.0
2026-05-26T06:05:00Z,15300.0
2026-05-26T06:10:00Z,15300.0
2026-05-26T06:15:00Z,15300.0
2026-05-26T06:20:00Z,15300.0
2026-05-26T06:25:00Z,15300.0
2026-05-26T06:30:00Z,15300.0
2026-05-26T06:35:00Z,15300.0
2026-05-26T06:40:00Z,15300.0
2026-05-26T06:45:00Z,15300.0
2026-05-26T06:50:00Z,15300.0
2026-05-26T06:55:00Z,15300.0
2026-05-26T07:00:00Z,15300.0
2026-05-26T07:05:00Z,15300.0
2026-05-26T07:10:00Z,15300.0
2026-05-26T07:15:00Z,15300.0
2026-05-26T07:20:00Z,15300.0
2026-05-26T07:25:00Z,15300.0
2026-05-26T07:30:00Z,15200.0
2026-05-26T07:35:00Z,15200.0
2026-05-26T07:40:00Z,15200.0
2026-05-26T07:45:00Z,15200.0
2026-05-26T07:50:00Z,15200.0
2026-05-26T07:55:00Z,15200.0
2026-05-26T08:00:00Z,15200.0
2026-05-26T08:05:00Z,15200.0
2026-05-26T08:10:00Z,15200.0
2026-05-26T08:15:00Z,15300.0
2026-05-26T08:20:00Z,15300.0
2026-05-26T08:25:00Z,15300.0
2026-05-26T08:30:00Z,15300.0
2026-05-26T08:35:00Z,15400.0
2026-05-26T08:40:00Z,15400.0
2026-05-26T08:45:00Z,15400.0
2026-05-26T08:50:00Z,15400.0
2026-05-26T08:55:00Z,15400.0
2026-05-26T09:00:00Z,15400.0
2026-05-26T09:05:00Z,15400.0
2026-05-26T09:10:00Z,15400.0
2026-05-26T09:15:00Z,15400.0
2026-05-26T09:20:00Z,15400.0
2026-05-26T09:25:00Z,15300.0
2026-05-26T09:30:00Z,15300.0
2026-05-26T09:35:00Z,15300.0
2026-05-26T09:40:00Z,15300.0
2026-05-26T09:45:00Z,15200.0
2026-05-26T09:50:00Z,15200.0
2026-05-26T09:55:00Z,15200.0
2026-05-26T10:00:00Z,15200.0
2026-05-26T10:05:00Z,15200.0
2026-05-26T10:10:00Z,15200.0
2026-05-26T10:15:00Z,15200.0
2026-05-26T10:20:00Z,15200.0
2026-05-26T10:25:00Z,15300.0
2026-05-26T10:30:00Z,15300.0
2026-05-26T10:35:00Z,15300.0
2026-05-26T10:40:00Z,15300.0
2026-05-26T10:45:00Z,15300.0
2026-05-26T10:50:00Z,15300.0
2026-05-26T10:55:00Z,15300.0
2026-05-26T11:00:00Z,15300.0
2026-05-26T11:05:00Z,15300.0
2026-05-26T11:10:00Z,15300.0
2026-05-26T11:15:00Z,15300.0
2026-05-26T11:20:00Z,15300.0
2026-05-26T11:25:00Z,15300.0
2026-05-26T11:30:00Z,15300.0
2026-05-26T11:35:00Z,15300.0
2026-05-26T11:40:00Z,15300.0
2026-05-26T11:45:00Z,15300.0
2026-05-26T11:50:00Z,15300.0
2026-05-26T11:55:00Z,15300.0
2026-05-26T12:00:00Z,15300.0
2026-05-26T12:05:00Z,15300.0
2026-05-26T12:10:00Z,15300.0
2026-05-26T12:15:00Z,15300.0
2026-05-26T12:20:00Z,15300.0
2026-05-26T12:25:00Z,15300.0
2026-05-26T12:30:00Z,15300.0
2026-05-26T12:35:00Z,15300.0
2026-05-26T12:40:00Z,15300.0
2026-05-26T12:45:00Z,15300.0
2026-05-26T12:50:00Z,15300.0
2026-05-26T12:55:00Z,15300.0
2026-05-26T13:00:00Z,15200.0
2026-05-26T13:05:00Z,15200.0
2026-05-26T13:10:00Z,15200.0
2026-05-26T13:15:00Z,15200.0
2026-05-26T13:20:00Z,15200.0
2026-05-26T13:25:00Z,15200.0
2026-05-26T13:30:00Z,15200.0
2026-05-26T13:35:00Z,15200.0
2026-05-26T13:40:00Z,15100.0
2026-05-26T13:45:00Z,15100.0
2026-05-26T13:50:00Z,15100.0
2026-05-26T13:55:00Z,15100.0
2026-05-26T14:00:00Z,15100.0
2026-05-26T14:05:00Z,15100.0
2026-05-26T14:10:00Z,15100.0
2026-05-26T14:15:00Z,15100.0
2026-05-26T14:20:00Z,15100.0
2026-05-26T14:25:00Z,15100.0
2026-05-26T14:30:00Z,15100.0
2026-05-26T14:35:00Z,15200.0
2026-05-26T14:40:00Z,15100.0
2026-05-26T14:45:00Z,15100.0
2026-05-26T14:50:00Z,15100.0
2026-05-26T14:55:00Z,15100.0
2026-05-26T15:00:00Z,15100.0
2026-05-26T15:05:00Z,15100.0
2026-05-26T15:10:00Z,15100.0
2026-05-26T15:15:00Z,15100.0
2026-05-26T15:20:00Z,15100.0
2026-05-26T15:25:00Z,15000.0
2026-05-26T15:30:00Z,15000.0
2026-05-26T15:35:00Z,15000.0
2026-05-26T15:40:00Z,15000.0
2026-05-26T15:45:00Z,15000.0
2026-05-26T15:50:00Z,15000.0
2026-05-26T15:55:00Z,15000.0
2026-05-26T16:00:00Z,15000.0
2026-05-26T16:05:00Z,14900.0
2026-05-26T16:10:00Z,14900.0
2026-05-26T16:15:00Z,14900.0
2026-05-26T16:20:00Z,14900.0
2026-05-26T16:25:00Z,14900.0
2026-05-26T16:30:00Z,14900.0
2026-05-26T16:35:00Z,14900.0
2026-05-26T16:40:00Z,15000.0
2026-05-26T16:45:00Z,15000.0
2026-05-26T16:50:00Z,15000.0
2026-05-26T16:55:00Z,14900.0
2026-05-26T17:00:00Z,14900.0
2026-05-26T17:05:00Z,14900.0
2026-05-26T17:10:00Z,14900.0
2026-05-26T17:15:00Z,14900.0
2026-05-26T17:20:00Z,14900.0
2026-05-26T17:25:00Z,14800.0
2026-05-26T17:30:00Z,14800.0
2026-05-26T17:35:00Z,14800.0
2026-05-26T17:40:00Z,14900.0
2026-05-26T17:45:00Z,14900.0
2026-05-26T17:50:00Z,14900.0
2026-05-26T17:55:00Z,15000.0
2026-05-26T18:00:00Z,15000.0
2026-05-26T18:05:00Z,15000.0
2026-05-26T18:10:00Z,15100.0
2026-05-26T18:15:00Z,15100.0
2026-05-26T18:20:00Z,15000.0
2026-05-26T18:25:00Z,15000.0
2026-05-26T18:30:00Z,14900.0
2026-05-26T18:35:00Z,14900.0
2026-05-26T18:40:00Z,14900.0
2026-05-26T18:45:00Z,14900.0
2026-05-26T18:50:00Z,14900.0
2026-05-26T18:55:00Z,14800.0
2026-05-26T19:00:00Z,14800.0
2026-05-26T19:05:00Z,14800.0
2026-05-26T19:10:00Z,14700.0
2026-05-26T19:15:00Z,14700.0
2026-05-26T19:20:00Z,14700.0
2026-05-26T19:25:00Z,14700.0
2026-05-26T19:30:00Z,14600.0
2026-05-26T19:35:00Z,14600.0
2026-05-26T19:40:00Z,14600.0
2026-05-26T19:45:00Z,14600.0
2026-05-26T19:50:00Z,14600.0
2026-05-26T19:55:00Z,14600.0
2026-05-26T20:00:00Z,14600.0
2026-05-26T20:05:00Z,14600.0
2026-05-26T20:10:00Z,14600.0
2026-05-26T20:15:00Z,14600.0
2026-05-26T20:20:00Z,14600.0
2026-05-26T20:25:00Z,14600.0
2026-05-26T20:30:00Z,14600.0
2026-05-26T20:35:00Z,14600.0
2026-05-26T20:40:00Z,14700.0
2026-05-26T20:45:00Z,14700.0
2026-05-26T20:50:00Z,14700.0
2026-05-26T20:55:00Z,14700.0
2026-05-26T21:00:00Z,14800.0
2026-05-26T21:05:00Z,14800.0
2026-05-26T21:10:00Z,14800.0
2026-05-26T21:15:00Z,14800.0
2026-05-26T21:20:00Z,14800.0
2026-05-26T21:25:00Z,14800.0
2026-05-26T21:30:00Z,14800.0
2026-05-26T21:35:00Z,14800.0
2026-05-26T21:40:00Z,14700.0
2026-05-26T21:45:00Z,14600.0
2026-05-26T21:50:00Z,14500.0
2026-05-26T21:55:00Z,14300.0
2026-05-26T22:00:00Z,14200.0
2026-05-26T22:05:00Z,14000.0
2026-05-26T22:10:00Z,13800.0
2026-05-26T22:15:00Z,13600.0
2026-05-26T22:20:00Z,13000.0
2026-05-26T22:25:00Z,13000.0
2026-05-26T22:30:00Z,12900.0
2026-05-26T22:35:00Z,12800.0
2026-05-26T22:40:00Z,12800.0
2026-05-26T22:45:00Z,12800.0
2026-05-26T22:50:00Z,12800.0
2026-05-26T22:55:00Z,12900.0
2026-05-26T23:00:00Z,13100.0
2026-05-26T23:05:00Z,13700.0
2026-05-26T23:10:00Z,14200.0
2026-05-26T23:15:00Z,14300.0
2026-05-26T23:20:00Z,14900.0
2026-05-26T23:25:00Z,15100.0
2026-05-26T23:30:00Z,15300.0
2026-05-26T23:35:00Z,15500.0
2026-05-26T23:40:00Z,15700.0
2026-05-26T23:45:00Z,15800.0
2026-05-26T23:50:00Z,15900.0
2026-05-26T23:55:00Z,15900.0
2026-05-27T00:00:00Z,15900.0
2026-05-27T00:05:00Z,15900.0
2026-05-27T00:10:00Z,15800.0
2026-05-27T00:15:00Z,15700.0
2026-05-27T00:20:00Z,15600.0
2026-05-27T00:25:00Z,15500.0
2026-05-27T00:30:00Z,15300.0
2026-05-27T00:35:00Z,15200.0
2026-05-27T00:40:00Z,15100.0
2026-05-27T00:45:00Z,15000.0
2026-05-27T00:50:00Z,14900.0
2026-05-27T00:55:00Z,14900.0
2026-05-27T01:00:00Z,14800.0
2026-05-27T01:05:00Z,14800.0
2026-05-27T01:10:00Z,14700.0
2026-05-27T01:15:00Z,14700.0
2026-05-27T01:20:00Z,14600.0
2026-05-27T01:25:00Z,14600.0
2026-05-27T01:30:00Z,14600.0
2026-05-27T01:35:00Z,14500.0
2026-05-27T01:40:00Z,14500.0
2026-05-27T01:45:00Z,14500.0
2026-05-27T01:50:00Z,14500.0
2026-05-27T01:55:00Z,14500.0
2026-05-27T02:00:00Z,14500.0
2026-05-27T02:05:00Z,14500.0
2026-05-27T02:10:00Z,14400.0
2026-05-27T02:15:00Z,14400.0
2026-05-27T02:20:00Z,14400.0
2026-05-27T02:25:00Z,14400.0
2026-05-27T02:30:00Z,14400.0
2026-05-27T02:35:00Z,14400.0
2026-05-27T02:40:00Z,14400.0
2026-05-27T02:45:00Z,14400.0
2026-05-27T02:50:00Z,14400.0
2026-05-27T02:55:00Z,14400.0
2026-05-27T03:00:00Z,14400.0
2026-05-27T03:05:00Z,14400.0
2026-05-27T03:10:00Z,14400.0
2026-05-27T03:15:00Z,14400.0
2026-05-27T03:20:00Z,14400.0
2026-05-27T03:25:00Z,14400.0
2026-05-27T03:30:00Z,14400.0
2026-05-27T03:35:00Z,14400.0
2026-05-27T03:40:00Z,14400.0
2026-05-27T03:45:00Z,14400.0
2026-05-27T03:50:00Z,14400.0
2026-05-27T03:55:00Z,14400.0
2026-05-27T04:00:00Z,14400.0
2026-05-27T04:05:00Z,14400.0
2026-05-27T04:10:00Z,14400.0
2026-05-27T04:15:00Z,14400.0
2026-05-27T04:20:00Z,14400.0
2026-05-27T04:25:00Z,14400.0
2026-05-27T04:30:00Z,14400.0
2026-05-27T04:35:00Z,14400.0
2026-05-27T04:40:00Z,14400.0
2026-05-27T04:45:00Z,14400.0
2026-05-27T04:50:00Z,14400.0
2026-05-27T04:55:00Z,14400.0
2026-05-27T05:00:00Z,14400.0
2026-05-27T05:05:00Z,14400.0
2026-05-27T05:10:00Z,14400.0
2026-05-27T05:15:00Z,14400.0
2026-05-27T05:20:00Z,14400.0
2026-05-27T05:25:00Z,14400.0
2026-05-27T05:30:00Z,14400.0
2026-05-27T05:35:00Z,14400.0
2026-05-27T05:40:00Z,14400.0
2026-05-27T05:45:00Z,14400.0
2026-05-27T05:50:00Z,14400.0
2026-05-27T05:55:00Z,14400.0
2026-05-27T06:00:00Z,14500.0
2026-05-27T06:05:00Z,14500.0
2026-05-27T06:10:00Z,14500.0
2026-05-27T06:15:00Z,14500.0
2026-05-27T06:20:00Z,14500.0
2026-05-27T06:25:00Z,14500.0
2026-05-27T06:30:00Z,14500.0
2026-05-27T06:35:00Z,14500.0
2026-05-27T06:40:00Z,14500.0
2026-05-27T06:45:00Z,14500.0
2026-05-27T06:50:00Z,14500.0
2026-05-27T06:55:00Z,14500.0
2026-05-27T07:00:00Z,14500.0
2026-05-27T07:05:00Z,14500.0
2026-05-27T07:10:00Z,14500.0
2026-05-27T07:15:00Z,14500.0
2026-05-27T07:20:00Z,14500.0
2026-05-27T07:25:00Z,14500.0
2026-05-27T07:30:00Z,14500.0
2026-05-27T07:35:00Z,14500.0
2026-05-27T07:40:00Z,14500.0
2026-05-27T07:45:00Z,14500.0
2026-05-27T07:50:00Z,14500.0
2026-05-27T07:55:00Z,14500.0
2026-05-27T08:00:00Z,14500.0
2026-05-27T08:05:00Z,14500.0
2026-05-27T08:10:00Z,14500.0
2026-05-27T08:15:00Z,14500.0
2026-05-27T08:20:00Z,14500.0
2026-05-27T08:25:00Z,14500.0
2026-05-27T08:30:00Z,14500.0
2026-05-27T08:35:00Z,14600.0
2026-05-27T08:40:00Z,14600.0
2026-05-27T08:45:00Z,14700.0
2026-05-27T08:50:00Z,14800.0
2026-05-27T08:55:00Z,14900.0
2026-05-27T09:00:00Z,14900.0
2026-05-27T09:05:00Z,14700.0
2026-05-27T09:10:00Z,14100.0
2026-05-27T09:15:00Z,13900.0
2026-05-27T09:20:00Z,13800.0
2026-05-27T09:25:00Z,13700.0
2026-05-27T09:30:00Z,13700.0
2026-05-27T09:35:00Z,13800.0
2026-05-27T09:40:00Z,14300.0
2026-05-27T09:45:00Z,14500.0
2026-05-27T09:50:00Z,14700.0
2026-05-27T09:55:00Z,14800.0
2026-05-27T10:00:00Z,14900.0
2026-05-27T10:05:00Z,14900.0
2026-05-27T10:10:00Z,14800.0
2026-05-27T10:15:00Z,14800.0
2026-05-27T10:20:00Z,14900.0
2026-05-27T10:25:00Z,14900.0
2026-05-27T10:30:00Z,15000.0
2026-05-27T10:35:00Z,15000.0
2026-05-27T10:40:00Z,14900.0
2026-05-27T10:45:00Z,14300.0
2026-05-27T10:50:00Z,14200.0
2026-05-27T10:55:00Z,14100.0
2026-05-27T11:00:00Z,14000.0
2026-05-27T11:05:00Z,14100.0
2026-05-27T11:10:00Z,14300.0
2026-05-27T11:15:00Z,14900.0
2026-05-27T11:20:00Z,14900.0
2026-05-27T11:25:00Z,15100.0
2026-05-27T11:30:00Z,15100.0
2026-05-27T11:35:00Z,15200.0
2026-05-27T11:40:00Z,15100.0
2026-05-27T11:45:00Z,15000.0
2026-05-27T11:50:00Z,15000.0
2026-05-27T11:55:00Z,14900.0
2026-05-27T12:00:00Z,14800.0
2026-05-27T12:05:00Z,14800.0
2026-05-27T12:10:00Z,14700.0
2026-05-27T12:15:00Z,14600.0
2026-05-27T12:20:00Z,14600.0
2026-05-27T12:25:00Z,14600.0
2026-05-27T12:30:00Z,14500.0
2026-05-27T12:35:00Z,14400.0
2026-05-27T12:40:00Z,14300.0
2026-05-27T12:45:00Z,14100.0
2026-05-27T12:50:00Z,13900.0
2026-05-27T12:55:00Z,13800.0
2026-05-27T13:00:00Z,13800.0
2026-05-27T13:05:00Z,13800.0
2026-05-27T13:10:00Z,13900.0
2026-05-27T13:15:00Z,14100.0
2026-05-27T13:20:00Z,14200.0
2026-05-27T13:25:00Z,14300.0
2026-05-27T13:30:00Z,14400.0
2026-05-27T13:35:00Z,14500.0
2026-05-27T13:40:00Z,14500.0
2026-05-27T13:45:00Z,14700.0
2026-05-27T13:50:00Z,14800.0
2026-05-27T13:55:00Z,14900.0
2026-05-27T14:00:00Z,15100.0
2026-05-27T14:05:00Z,15200.0
2026-05-27T14:10:00Z,15200.0
2026-05-27T14:15:00Z,15200.0
2026-05-27T14:20:00Z,15100.0
2026-05-27T14:25:00Z,15000.0
2026-05-27T14:30:00Z,14900.0
2026-05-27T14:35:00Z,14900.0
2026-05-27T14:40:00Z,14800.0
2026-05-27T14:45:00Z,14700.0
2026-05-27T14:50:00Z,14700.0
2026-05-27T14:55:00Z,14600.0
2026-05-27T15:00:00Z,14600.0
2026-05-27T15:05:00Z,14600.0
2026-05-27T15:10:00Z,14500.0
2026-05-27T15:15:00Z,14500.0
2026-05-27T15:20:00Z,14500.0
2026-05-27T15:25:00Z,14500.0
2026-05-27T15:30:00Z,14500.0
2026-05-27T15:35:00Z,14500.0
2026-05-27T15:40:00Z,14500.0
2026-05-27T15:45:00Z,14500.0
2026-05-27T15:50:00Z,14500.0
2026-05-27T15:55:00Z,14500.0
2026-05-27T16:00:00Z,14500.0
2026-05-27T16:05:00Z,14500.0
2026-05-27T16:10:00Z,14500.0
2026-05-27T16:15:00Z,14500.0
2026-05-27T16:20:00Z,14400.0
2026-05-27T16:25:00Z,14400.0
2026-05-27T16:30:00Z,14400.0
2026-05-27T16:35:00Z,14400.0
2026-05-27T16:40:00Z,14400.0
2026-05-27T16:45:00Z,14400.0
2026-05-27T16:50:00Z,14400.0
2026-05-27T16:55:00Z,14400.0
2026-05-27T17:00:00Z,14400.0
2026-05-27T17:05:00Z,14400.0
2026-05-27T17:10:00Z,14400.0
2026-05-27T17:15:00Z,14400.0
2026-05-27T17:20:00Z,14400.0
2026-05-27T17:25:00Z,14400.0
2026-05-27T17:30:00Z,14400.0
2026-05-27T17:35:00Z,14400.0
2026-05-27T17:40:00Z,14400.0
2026-05-27T17:45:00Z,14400.0
2026-05-27T17:50:00Z,14400.0
2026-05-27T17:55:00Z,14400.0
2026-05-27T18:00:00Z,14400.0
2026-05-27T18:05:00Z,14400.0
2026-05-27T18:10:00Z,14400.0
2026-05-27T18:15:00Z,14400.0
2026-05-27T18:20:00Z,14400.0
2026-05-27T18:25:00Z,14300.0
2026-05-27T18:30:00Z,14300.0
2026-05-27T18:35:00Z,14300.0
2026-05-27T18:40:00Z,14200.0
2026-05-27T18:45:00Z,14200.0
2026-05-27T18:50:00Z,14100.0
2026-05-27T18:55:00Z,14100.0
2026-05-27T19:00:00Z,14000.0
2026-05-27T19:05:00Z,14000.0
2026-05-27T19:10:00Z,13900.0
2026-05-27T19:15:00Z,13900.0
2026-05-27T19:20:00Z,13900.0
2026-05-27T19:25:00Z,13900.0
2026-05-27T19:30:00Z,13900.0
2026-05-27T19:35:00Z,13900.0
2026-05-27T19:40:00Z,13900.0
2026-05-27T19:45:00Z,13900.0
2026-05-27T19:50:00Z,14000.0
2026-05-27T19:55:00Z,14000.0
2026-05-27T20:00:00Z,14100.0
2026-05-27T20:05:00Z,14100.0
2026-05-27T20:10:00Z,14100.0
2026-05-27T20:15:00Z,14100.0
2026-05-27T20:20:00Z,14100.0
2026-05-27T20:25:00Z,14100.0
2026-05-27T20:30:00Z,14100.0
2026-05-27T20:35:00Z,14100.0
2026-05-27T20:40:00Z,14200.0
2026-05-27T20:45:00Z,14200.0
2026-05-27T20:50:00Z,14200.0
2026-05-27T20:55:00Z,14200.0
2026-05-27T21:00:00Z,14200.0
2026-05-27T21:05:00Z,14300.0
2026-05-27T21:10:00Z,14300.0
2026-05-27T21:15:00Z,14300.0
2026-05-27T21:20:00Z,14300.0
2026-05-27T21:25:00Z,14200.0
2026-05-27T21:30:00Z,14200.0
2026-05-27T21:35:00Z,14200.0
2026-05-27T21:40:00Z,14200.0
2026-05-27T21:45:00Z,14200.0
2026-05-27T21:50:00Z,14200.0
2026-05-27T21:55:00Z,14100.0
2026-05-27T22:00:00Z,14100.0
2026-05-27T22:05:00Z,14100.0
2026-05-27T22:10:00Z,14000.0
2026-05-27T22:15:00Z,14000.0
2026-05-27T22:20:00Z,14000.0
2026-05-27T22:25:00Z,13900.0
2026-05-27T22:30:00Z,13900.0
2026-05-27T22:35:00Z,13900.0
2026-05-27T22:40:00Z,13900.0
2026-05-27T22:45:00Z,13900.0
2026-05-27T22:50:00Z,13900.0
2026-05-27T22:55:00Z,13900.0
2026-05-27T23:00:00Z,13900.0
2026-05-27T23:05:00Z,13900.0
2026-05-27T23:10:00Z,13900.0
2026-05-27T23:15:00Z,13900.0
2026-05-27T23:20:00Z,13900.0
2026-05-27T23:25:00Z,13900.0
2026-05-27T23:30:00Z,13900.0
2026-05-27T23:35:00Z,13900.0
2026-05-27T23:40:00Z,13900.0
2026-05-27T23:45:00Z,13900.0
2026-05-27T23:50:00Z,13900.0
2026-05-27T23:55:00Z,13900.0
2026-05-28T00:00:00Z,13900.0
2026-05-28T00:05:00Z,13900.0
2026-05-28T00:10:00Z,13900.0
2026-05-28T00:15:00Z,13900.0
2026-05-28T00:20:00Z,13900.0
2026-05-28T00:25:00Z,13900.0
2026-05-28T00:30:00Z,13900.0
2026-05-28T00:35:00Z,13900.0
2026-05-28T00:40:00Z,13900.0
2026-05-28T00:45:00Z,13900.0
2026-05-28T00:50:00Z,13900.0
2026-05-28T00:55:00Z,13900.0
2026-05-28T01:00:00Z,13900.0
2026-05-28T01:05:00Z,13800.0
2026-05-28T01:10:00Z,13800.0
2026-05-28T01:15:00Z,13800.0
2026-05-28T01:20:00Z,13800.0
2026-05-28T01:25:00Z,13800.0
2026-05-28T01:30:00Z,13800.0
2026-05-28T01:35:00Z,13800.0
2026-05-28T01:40:00Z,13800.0
2026-05-28T01:45:00Z,13800.0
2026-05-28T01:50:00Z,13800.0
2026-05-28T01:55:00Z,13800.0
2026-05-28T02:00:00Z,13800.0
2026-05-28T02:05:00Z,13800.0
2026-05-28T02:10:00Z,13800.0
2026-05-28T02:15:00Z,13800.0
2026-05-28T02:20:00Z,13800.0
2026-05-28T02:25:00Z,13800.0
2026-05-28T02:30:00Z,13800.0
2026-05-28T02:35:00Z,13800.0
2026-05-28T02:40:00Z,13800.0
2026-05-28T02:45:00Z,13800.0
2026-05-28T02:50:00Z,13800.0
2026-05-28T02:55:00Z,13800.0
2026-05-28T03:00:00Z,13800.0
2026-05-28T03:05:00Z,13800.0
2026-05-28T03:10:00Z,13800.0
2026-05-28T03:15:00Z,13800.0
2026-05-28T03:20:00Z,13800.0
2026-05-28T03:25:00Z,13800.0
2026-05-28T03:30:00Z,13800.0
2026-05-28T03:35:00Z,13800.0
2026-05-28T03:40:00Z,13800.0
2026-05-28T03:45:00Z,13800.0
2026-05-28T03:50:00Z,13800.0
2026-05-28T03:55:00Z,13800.0
2026-05-28T04:00:00Z,13800.0
2026-05-28T04:05:00Z,13800.0
2026-05-28T04:10:00Z,13800.0
2026-05-28T04:15:00Z,13800.0
2026-05-28T04:20:00Z,13800.0
2026-05-28T04:25:00Z,13800.0
2026-05-28T04:30:00Z,14500.0
2026-05-28T04:35:00Z,13900.0
2026-05-28T04:40:00Z,13800.0
2026-05-28T04:45:00Z,13800.0
2026-05-28T04:50:00Z,13800.0
2026-05-28T04:55:00Z,13800.0
2026-05-28T05:00:00Z,13800.0
2026-05-28T05:05:00Z,13800.0
2026-05-28T05:10:00Z,13800.0
2026-05-28T05:15:00Z,13800.0
2026-05-28T05:20:00Z,13800.0
2026-05-28T05:25:00Z,13800.0
2026-05-28T05:30:00Z,13800.0
2026-05-28T05:35:00Z,13800.0
2026-05-28T05:40:00Z,13900.0
2026-05-28T05:45:00Z,13900.0
2026-05-28T05:50:00Z,13900.0
2026-05-28T05:55:00Z,13900.0
2026-05-28T06:00:00Z,13900.0
2026-05-28T06:05:00Z,13900.0
2026-05-28T06:10:00Z,13900.0
2026-05-28T06:15:00Z,14000.0
2026-05-28T06:20:00Z,14000.0
2026-05-28T06:25:00Z,14000.0
2026-05-28T06:30:00Z,14000.0
2026-05-28T06:35:00Z,14000.0
2026-05-28T06:40:00Z,13900.0
2026-05-28T06:45:00Z,13900.0
2026-05-28T06:50:00Z,13900.0
2026-05-28T06:55:00Z,13900.0
2026-05-28T07:00:00Z,13900.0
2026-05-28T07:05:00Z,13900.0
2026-05-28T07:10:00Z,13900.0
2026-05-28T07:15:00Z,13900.0
2026-05-28T07:20:00Z,13900.0
2026-05-28T07:25:00Z,14000.0
2026-05-28T07:30:00Z,14000.0
2026-05-28T07:35:00Z,14000.0
2026-05-28T07:40:00Z,14000.0
2026-05-28T07:45:00Z,14000.0
2026-05-28T07:50:00Z,14000.0
2026-05-28T07:55:00Z,14000.0
2026-05-28T08:00:00Z,14000.0
2026-05-28T08:05:00Z,14000.0
2026-05-28T08:10:00Z,14000.0
2026-05-28T08:15:00Z,14000.0
2026-05-28T08:20:00Z,14000.0
2026-05-28T08:25:00Z,14000.0
2026-05-28T08:30:00Z,14000.0
2026-05-28T08:35:00Z,14000.0
2026-05-28T08:40:00Z,14000.0
2026-05-28T08:45:00Z,14000.0
2026-05-28T08:50:00Z,14000.0
2026-05-28T08:55:00Z,14000.0
2026-05-28T09:00:00Z,14000.0
2026-05-28T09:05:00Z,14000.0
2026-05-28T09:10:00Z,14000.0
2026-05-28T09:15:00Z,14000.0
2026-05-28T09:20:00Z,14000.0
2026-05-28T09:25:00Z,14000.0
2026-05-28T09:30:00Z,14000.0
2026-05-28T09:35:00Z,14000.0
2026-05-28T09:40:00Z,14000.0
2026-05-28T09:45:00Z,14000.0
2026-05-28T09:50:00Z,14000.0
2026-05-28T09:55:00Z,14000.0
2026-05-28T10:00:00Z,14000.0
2026-05-28T10:05:00Z,14000.0
2026-05-28T10:10:00Z,14000.0
2026-05-28T10:15:00Z,14000.0
2026-05-28T10:20:00Z,14000.0
2026-05-28T10:25:00Z,14000.0
2026-05-28T10:30:00Z,14000.0
2026-05-28T10:35:00Z,14000.0
2026-05-28T10:40:00Z,14000.0
2026-05-28T10:45:00Z,14000.0
2026-05-28T10:50:00Z,14000.0
2026-05-28T10:55:00Z,14000.0
2026-05-28T11:00:00Z,14000.0
2026-05-28T11:05:00Z,14000.0
2026-05-28T11:10:00Z,14000.0
2026-05-28T11:15:00Z,14000.0
2026-05-28T11:20:00Z,14100.0
2026-05-28T11:25:00Z,14100.0
2026-05-28T11:30:00Z,14100.0
2026-05-28T11:35:00Z,14100.0
2026-05-28T11:40:00Z,14100.0
2026-05-28T11:45:00Z,14100.0
2026-05-28T11:50:00Z,14100.0
2026-05-28T11:55:00Z,14100.0
2026-05-28T12:00:00Z,14100.0
2026-05-28T12:05:00Z,14100.0
2026-05-28T12:10:00Z,14100.0
2026-05-28T12:15:00Z,14100.0
2026-05-28T12:20:00Z,14100.0
2026-05-28T12:25:00Z,14000.0
2026-05-28T12:30:00Z,14000.0
2026-05-28T12:35:00Z,14000.0
2026-05-28T12:40:00Z,14000.0
2026-05-28T12:45:00Z,14000.0
2026-05-28T12:50:00Z,14000.0
2026-05-28T12:55:00Z,14000.0
2026-05-28T13:00:00Z,14000.0
2026-05-28T13:05:00Z,14000.0
2026-05-28T13:10:00Z,14000.0
2026-05-28T13:15:00Z,14000.0
2026-05-28T13:20:00Z,14000.0
2026-05-28T13:25:00Z,14000.0
2026-05-28T13:30:00Z,14000.0
2026-05-28T13:35:00Z,14000.0
2026-05-28T13:40:00Z,14000.0
2026-05-28T13:45:00Z,14100.0
2026-05-28T13:50:00Z,14100.0
2026-05-28T13:55:00Z,14100.0
2026-05-28T14:00:00Z,14100.0
2026-05-28T14:05:00Z,14100.0
2026-05-28T14:10:00Z,14100.0
2026-05-28T14:15:00Z,14100.0
2026-05-28T14:20:00Z,14100.0
2026-05-28T14:25:00Z,14100.0
2026-05-28T14:30:00Z,14100.0
2026-05-28T14:35:00Z,14000.0
2026-05-28T14:40:00Z,14000.0
2026-05-28T14:45:00Z,14000.0
2026-05-28T14:50:00Z,14000.0
2026-05-28T14:55:00Z,14000.0
2026-05-28T15:00:00Z,14000.0
2026-05-28T15:05:00Z,14000.0
2026-05-28T15:10:00Z,14000.0
2026-05-28T15:15:00Z,14000.0
2026-05-28T15:20:00Z,14000.0
2026-05-28T15:25:00Z,14000.0
2026-05-28T15:30:00Z,14000.0
2026-05-28T15:35:00Z,14000.0
2026-05-28T15:40:00Z,14000.0
2026-05-28T15:45:00Z,14000.0
2026-05-28T15:50:00Z,14000.0
2026-05-28T15:55:00Z,14000.0
2026-05-28T16:00:00Z,14000.0
2026-05-28T16:05:00Z,14000.0
2026-05-28T16:10:00Z,14000.0
2026-05-28T16:15:00Z,14000.0
2026-05-28T16:20:00Z,13900.0
2026-05-28T16:25:00Z,13900.0
2026-05-28T16:30:00Z,13900.0
2026-05-28T16:35:00Z,13900.0
2026-05-28T16:40:00Z,13900.0
2026-05-28T16:45:00Z,13900.0
2026-05-28T16:50:00Z,13900.0
2026-05-28T16:55:00Z,13900.0
2026-05-28T17:00:00Z,13900.0
2026-05-28T17:05:00Z,13900.0
2026-05-28T17:10:00Z,13800.0
2026-05-28T17:15:00Z,13800.0
2026-05-28T17:20:00Z,13800.0
2026-05-28T17:25:00Z,13900.0
2026-05-28T17:30:00Z,13900.0
2026-05-28T17:35:00Z,13900.0
2026-05-28T17:40:00Z,13800.0
2026-05-28T17:45:00Z,13800.0
2026-05-28T17:50:00Z,13800.0
2026-05-28T17:55:00Z,13800.0
2026-05-28T18:00:00Z,13800.0
2026-05-28T18:05:00Z,13800.0
2026-05-28T18:10:00Z,13800.0
2026-05-28T18:15:00Z,13800.0
2026-05-28T18:20:00Z,13800.0
2026-05-28T18:25:00Z,13800.0
2026-05-28T18:30:00Z,13800.0
2026-05-28T18:35:00Z,13700.0
2026-05-28T18:40:00Z,13600.0
2026-05-28T18:45:00Z,13600.0
2026-05-28T18:50:00Z,13500.0
2026-05-28T18:55:00Z,13400.0
2026-05-28T19:00:00Z,13300.0
2026-05-28T19:05:00Z,13300.0
2026-05-28T19:10:00Z,13300.0
2026-05-28T19:15:00Z,13300.0
2026-05-28T19:20:00Z,13300.0
2026-05-28T19:25:00Z,13200.0
2026-05-28T19:30:00Z,13200.0
2026-05-28T19:35:00Z,13200.0
2026-05-28T19:40:00Z,13200.0
2026-05-28T19:45:00Z,13200.0
2026-05-28T19:50:00Z,13300.0
2026-05-28T19:55:00Z,13300.0
2026-05-28T20:00:00Z,13300.0
2026-05-28T20:05:00Z,13300.0
2026-05-28T20:10:00Z,13400.0
2026-05-28T20:15:00Z,13400.0
2026-05-28T20:20:00Z,13500.0
2026-05-28T20:25:00Z,13500.0
2026-05-28T20:30:00Z,13500.0
2026-05-28T20:35:00Z,13500.0
2026-05-28T20:40:00Z,13500.0
2026-05-28T20:45:00Z,13600.0
2026-05-28T20:50:00Z,13600.0
2026-05-28T20:55:00Z,13700.0
2026-05-28T21:00:00Z,13700.0
2026-05-28T21:05:00Z,13700.0
2026-05-28T21:10:00Z,13800.0
2026-05-28T21:15:00Z,13800.0
2026-05-28T21:20:00Z,13800.0
2026-05-28T21:25:00Z,13800.0
2026-05-28T21:30:00Z,13800.0
2026-05-28T21:35:00Z,13800.0
2026-05-28T21:40:00Z,13800.0
2026-05-28T21:45:00Z,13800.0
2026-05-28T21:50:00Z,13800.0
2026-05-28T21:55:00Z,13800.0
2026-05-28T22:00:00Z,13800.0
2026-05-28T22:05:00Z,13800.0
2026-05-28T22:10:00Z,13800.0
2026-05-28T22:15:00Z,13700.0
2026-05-28T22:20:00Z,13700.0
2026-05-28T22:25:00Z,13700.0
2026-05-28T22:30:00Z,13600.0
2026-05-28T22:35:00Z,13600.0
2026-05-28T22:40:00Z,13600.0
2026-05-28T22:45:00Z,13500.0
2026-05-28T22:50:00Z,13500.0
2026-05-28T22:55:00Z,13500.0
2026-05-28T23:00:00Z,13400.0
2026-05-28T23:05:00Z,13400.0
2026-05-28T23:10:00Z,13400.0
2026-05-28T23:15:00Z,13400.0
2026-05-28T23:20:00Z,13400.0
2026-05-28T23:25:00Z,13400.0
2026-05-28T23:30:00Z,13400.0
2026-05-28T23:35:00Z,13400.0
2026-05-28T23:40:00Z,13400.0
2026-05-28T23:45:00Z,13400.0
2026-05-28T23:50:00Z,13400.0
2026-05-28T23:55:00Z,13400.0
2026-05-29T00:00:00Z,13400.0
2026-05-29T00:05:00Z,13300.0
2026-05-29T00:10:00Z,13300.0
2026-05-29T00:15:00Z,13300.0
2026-05-29T00:20:00Z,13300.0
2026-05-29T00:25:00Z,13300.0
2026-05-29T00:30:00Z,13300.0
2026-05-29T00:35:00Z,13300.0
2026-05-29T00:40:00Z,13200.0
2026-05-29T00:45:00Z,13300.0
2026-05-29T00:50:00Z,13300.0
2026-05-29T00:55:00Z,13300.0
2026-05-29T01:00:00Z,13300.0
2026-05-29T01:05:00Z,13300.0
2026-05-29T01:10:00Z,13300.0
2026-05-29T01:15:00Z,13300.0
2026-05-29T01:20:00Z,13300.0
2026-05-29T01:25:00Z,13300.0
2026-05-29T01:30:00Z,13300.0
2026-05-29T01:35:00Z,13300.0
2026-05-29T01:40:00Z,13300.0
2026-05-29T01:45:00Z,13300.0
2026-05-29T01:50:00Z,13300.0
2026-05-29T01:55:00Z,13300.0
2026-05-29T02:00:00Z,13300.0
2026-05-29T02:05:00Z,13300.0
2026-05-29T02:10:00Z,13300.0
2026-05-29T02:15:00Z,13300.0
2026-05-29T02:20:00Z,13300.0
2026-05-29T02:25:00Z,13300.0
2026-05-29T02:30:00Z,13300.0
2026-05-29T02:35:00Z,13300.0
2026-05-29T02:40:00Z,13300.0
2026-05-29T02:45:00Z,13300.0
2026-05-29T02:50:00Z,13300.0
2026-05-29T02:55:00Z,13300.0
2026-05-29T03:00:00Z,13300.0
2026-05-29T03:05:00Z,13300.0
2026-05-29T03:10:00Z,13300.0
2026-05-29T03:15:00Z,13300.0
2026-05-29T03:20:00Z,13300.0
2026-05-29T03:25:00Z,13300.0
2026-05-29T03:30:00Z,13300.0
2026-05-29T03:35:00Z,13300.0
2026-05-29T03:40:00Z,13300.0
2026-05-29T03:45:00Z,13300.0
2026-05-29T03:50:00Z,13300.0
2026-05-29T03:55:00Z,13300.0
2026-05-29T04:00:00Z,13300.0
2026-05-29T04:05:00Z,13300.0
2026-05-29T04:10:00Z,13300.0
2026-05-29T04:15:00Z,13300.0
2026-05-29T04:20:00Z,13300.0
2026-05-29T04:25:00Z,13400.0
2026-05-29T04:30:00Z,13400.0
2026-05-29T04:35:00Z,13400.0
2026-05-29T04:40:00Z,13300.0
2026-05-29T04:45:00Z,13300.0
2026-05-29T04:50:00Z,13300.0
2026-05-29T04:55:00Z,13300.0
2026-05-29T05:00:00Z,13300.0
2026-05-29T05:05:00Z,13300.0
2026-05-29T05:10:00Z,13300.0
2026-05-29T05:15:00Z,13300.0
2026-05-29T05:20:00Z,13300.0
2026-05-29T05:25:00Z,13300.0
2026-05-29T05:30:00Z,13300.0
2026-05-29T05:35:00Z,13300.0
2026-05-29T05:40:00Z,13300.0
2026-05-29T05:45:00Z,13300.0
2026-05-29T05:50:00Z,13300.0
2026-05-29T05:55:00Z,13300.0
2026-05-29T06:00:00Z,13300.0
2026-05-29T06:05:00Z,13300.0
2026-05-29T06:10:00Z,13300.0
2026-05-29T06:15:00Z,13400.0
2026-05-29T06:20:00Z,13400.0
2026-05-29T06:25:00Z,13400.0
2026-05-29T06:30:00Z,13400.0
2026-05-29T06:35:00Z,13400.0
2026-05-29T06:40:00Z,13400.0
2026-05-29T06:45:00Z,13400.0
2026-05-29T06:50:00Z,13400.0
2026-05-29T06:55:00Z,13500.0
2026-05-29T07:00:00Z,13500.0
2026-05-29T07:05:00Z,13500.0
2026-05-29T07:10:00Z,13500.0
2026-05-29T07:15:00Z,13500.0
2026-05-29T07:20:00Z,13400.0
2026-05-29T07:25:00Z,13500.0
2026-05-29T07:30:00Z,13500.0
2026-05-29T07:35:00Z,13400.0
2026-05-29T07:40:00Z,13500.0
2026-05-29T07:45:00Z,13500.0
2026-05-29T07:50:00Z,13500.0
2026-05-29T07:55:00Z,13500.0
2026-05-29T08:00:00Z,13500.0
2026-05-29T08:05:00Z,13500.0
2026-05-29T08:10:00Z,13500.0
2026-05-29T08:15:00Z,13500.0
2026-05-29T08:20:00Z,13500.0
2026-05-29T08:25:00Z,13500.0
2026-05-29T08:30:00Z,13500.0
2026-05-29T08:35:00Z,13600.0
2026-05-29T08:40:00Z,13600.0
2026-05-29T08:45:00Z,13500.0
2026-05-29T08:50:00Z,13500.0
2026-05-29T08:55:00Z,13400.0
2026-05-29T09:00:00Z,13400.0
2026-05-29T09:05:00Z,13300.0
2026-05-29T09:10:00Z,13400.0
2026-05-29T09:15:00Z,13500.0
2026-05-29T09:20:00Z,13600.0
2026-05-29T09:25:00Z,13700.0
2026-05-29T09:30:00Z,13700.0
2026-05-29T09:35:00Z,13800.0
2026-05-29T09:40:00Z,13800.0
2026-05-29T09:45:00Z,13700.0
2026-05-29T09:50:00Z,13700.0
2026-05-29T09:55:00Z,13700.0
2026-05-29T10:00:00Z,13600.0
2026-05-29T10:05:00Z,13600.0
2026-05-29T10:10:00Z,13600.0
2026-05-29T10:15:00Z,13600.0
2026-05-29T10:20:00Z,13600.0
2026-05-29T10:25:00Z,13600.0
2026-05-29T10:30:00Z,13600.0
2026-05-29T10:35:00Z,13600.0
2026-05-29T10:40:00Z,13600.0
2026-05-29T10:45:00Z,13600.0
2026-05-29T10:50:00Z,13600.0
2026-05-29T10:55:00Z,13500.0
2026-05-29T11:00:00Z,13500.0
2026-05-29T11:05:00Z,13500.0
2026-05-29T11:10:00Z,13500.0
2026-05-29T11:15:00Z,13500.0
2026-05-29T11:20:00Z,13500.0
2026-05-29T11:25:00Z,13500.0
2026-05-29T11:30:00Z,13500.0
2026-05-29T11:35:00Z,13500.0
2026-05-29T11:40:00Z,13500.0
2026-05-29T11:45:00Z,13500.0
2026-05-29T11:50:00Z,13500.0
2026-05-29T11:55:00Z,13500.0
2026-05-29T12:00:00Z,13500.0
2026-05-29T12:05:00Z,13500.0
2026-05-29T12:10:00Z,13400.0
2026-05-29T12:15:00Z,13400.0
2026-05-29T12:20:00Z,13300.0
2026-05-29T12:25:00Z,13300.0
2026-05-29T12:30:00Z,13300.0
2026-05-29T12:35:00Z,13200.0
2026-05-29T12:40:00Z,13200.0
2026-05-29T12:45:00Z,13300.0
2026-05-29T12:50:00Z,13300.0
2026-05-29T12:55:00Z,13400.0
2026-05-29T13:00:00Z,13500.0
2026-05-29T13:05:00Z,13600.0
2026-05-29T13:10:00Z,13700.0
2026-05-29T13:15:00Z,13800.0
2026-05-29T13:20:00Z,13800.0
2026-05-29T13:25:00Z,13800.0
2026-05-29T13:30:00Z,13900.0
2026-05-29T13:35:00Z,13900.0
2026-05-29T13:40:00Z,13900.0
2026-05-29T13:45:00Z,13800.0
2026-05-29T13:50:00Z,13800.0
2026-05-29T13:55:00Z,13800.0
2026-05-29T14:00:00Z,13800.0
2026-05-29T14:05:00Z,13700.0
2026-05-29T14:10:00Z,13700.0
2026-05-29T14:15:00Z,13700.0
2026-05-29T14:20:00Z,13600.0
2026-05-29T14:25:00Z,13600.0
2026-05-29T14:30:00Z,13600.0
2026-05-29T14:35:00Z,13600.0
2026-05-29T14:40:00Z,13600.0
2026-05-29T14:45:00Z,13600.0
2026-05-29T14:50:00Z,13600.0
2026-05-29T14:55:00Z,13600.0
2026-05-29T15:00:00Z,13600.0
2026-05-29T15:05:00Z,13600.0
2026-05-29T15:10:00Z,13600.0
2026-05-29T15:15:00Z,13600.0
2026-05-29T15:20:00Z,13600.0
2026-05-29T15:25:00Z,13600.0
2026-05-29T15:30:00Z,13600.0
2026-05-29T15:35:00Z,13600.0
2026-05-29T15:40:00Z,13600.0
2026-05-29T15:45:00Z,13600.0
2026-05-29T15:50:00Z,13600.0
2026-05-29T15:55:00Z,13600.0
2026-05-29T16:00:00Z,13600.0
2026-05-29T16:05:00Z,13600.0
2026-05-29T16:10:00Z,13700.0
2026-05-29T16:15:00Z,13700.0
2026-05-29T16:20:00Z,13700.0
2026-05-29T16:25:00Z,13700.0
2026-05-29T16:30:00Z,13700.0
2026-05-29T16:35:00Z,13700.0
2026-05-29T16:40:00Z,13700.0
2026-05-29T16:45:00Z,13700.0
2026-05-29T16:50:00Z,13700.0
2026-05-29T16:55:00Z,13700.0
2026-05-29T17:00:00Z,13700.0
2026-05-29T17:05:00Z,13700.0
2026-05-29T17:10:00Z,13700.0
2026-05-29T17:15:00Z,13700.0
2026-05-29T17:20:00Z,13600.0
2026-05-29T17:25:00Z,13600.0
2026-05-29T17:30:00Z,13600.0
2026-05-29T17:35:00Z,13600.0
2026-05-29T17:40:00Z,13600.0
2026-05-29T17:45:00Z,13600.0
2026-05-29T17:50:00Z,13500.0
2026-05-29T17:55:00Z,13500.0
2026-05-29T18:00:00Z,13500.0
2026-05-29T18:05:00Z,13500.0
2026-05-29T18:10:00Z,13500.0
2026-05-29T18:15:00Z,13500.0
2026-05-29T18:20:00Z,13500.0
2026-05-29T18:25:00Z,13500.0
2026-05-29T18:30:00Z,13500.0
2026-05-29T18:35:00Z,13500.0
2026-05-29T18:40:00Z,13500.0
2026-05-29T18:45:00Z,13500.0
2026-05-29T18:50:00Z,13400.0
2026-05-29T18:55:00Z,13400.0
2026-05-29T19:00:00Z,13400.0
2026-05-29T19:05:00Z,13400.0
2026-05-29T19:10:00Z,13400.0
2026-05-29T19:15:00Z,13400.0
2026-05-29T19:20:00Z,13400.0
2026-05-29T19:25:00Z,13400.0
2026-05-29T19:30:00Z,13400.0
2026-05-29T19:35:00Z,13400.0
2026-05-29T19:40:00Z,13400.0
2026-05-29T19:45:00Z,13400.0
2026-05-29T19:50:00Z,13400.0
2026-05-29T19:55:00Z,13400.0
2026-05-29T20:00:00Z,13400.0
2026-05-29T20:05:00Z,13400.0
2026-05-29T20:10:00Z,13400.0
2026-05-29T20:15:00Z,13400.0
2026-05-29T20:20:00Z,13400.0
2026-05-29T20:25:00Z,13400.0
2026-05-29T20:30:00Z,13400.0
2026-05-29T20:35:00Z,13400.0
2026-05-29T20:40:00Z,13400.0
2026-05-29T20:45:00Z,13400.0
2026-05-29T20:50:00Z,13400.0
2026-05-29T20:55:00Z,13400.0
2026-05-29T21:00:00Z,13300.0
2026-05-29T21:05:00Z,13300.0
2026-05-29T21:10:00Z,13300.0
2026-05-29T21:15:00Z,13300.0
2026-05-29T21:20:00Z,13300.0
2026-05-29T21:25:00Z,13400.0
2026-05-29T21:30:00Z,13400.0
2026-05-29T21:35:00Z,13400.0
2026-05-29T21:40:00Z,13400.0
2026-05-29T21:45:00Z,13400.0
2026-05-29T21:50:00Z,13400.0
2026-05-29T21:55:00Z,13400.0
2026-05-29T22:00:00Z,13300.0
2026-05-29T22:05:00Z,13400.0
2026-05-29T22:10:00Z,13400.0
2026-05-29T22:15:00Z,13400.0
2026-05-29T22:20:00Z,13400.0
2026-05-29T22:25:00Z,13400.0
2026-05-29T22:30:00Z,13400.0
2026-05-29T22:35:00Z,13300.0
2026-05-29T22:40:00Z,13300.0
2026-05-29T22:45:00Z,13300.0
2026-05-29T22:50:00Z,13300.0
2026-05-29T22:55:00Z,13300.0
2026-05-29T23:00:00Z,13300.0
2026-05-29T23:05:00Z,13300.0
2026-05-29T23:10:00Z,13300.0
2026-05-29T23:15:00Z,13300.0
2026-05-29T23:20:00Z,13300.0
2026-05-29T23:25:00Z,13300.0
2026-05-29T23:30:00Z,13300.0
2026-05-29T23:35:00Z,13300.0
2026-05-29T23:40:00Z,13300.0
2026-05-29T23:45:00Z,13200.0
2026-05-29T23:50:00Z,13200.0
2026-05-29T23:55:00Z,13200.0
2026-05-30T00:00:00Z,13200.0
2026-05-30T00:05:00Z,13200.0
2026-05-30T00:10:00Z,13200.0
2026-05-30T00:15:00Z,13200.0
2026-05-30T00:20:00Z,13200.0
2026-05-30T00:25:00Z,13200.0
2026-05-30T00:30:00Z,13300.0
2026-05-30T00:35:00Z,13300.0
2026-05-30T00:40:00Z,13300.0
2026-05-30T00:45:00Z,13300.0
2026-05-30T00:50:00Z,13300.0
2026-05-30T00:55:00Z,13300.0
2026-05-30T01:00:00Z,13300.0
2026-05-30T01:05:00Z,13300.0
2026-05-30T01:10:00Z,13300.0
2026-05-30T01:15:00Z,13300.0
2026-05-30T01:20:00Z,13300.0
2026-05-30T01:25:00Z,13300.0
2026-05-30T01:30:00Z,13300.0
2026-05-30T01:35:00Z,13400.0
2026-05-30T01:40:00Z,13400.0
2026-05-30T01:45:00Z,13300.0
2026-05-30T01:50:00Z,13300.0
2026-05-30T01:55:00Z,13300.0
2026-05-30T02:00:00Z,13300.0
2026-05-30T02:05:00Z,13300.0
2026-05-30T02:10:00Z,13300.0
2026-05-30T02:15:00Z,13200.0
2026-05-30T02:20:00Z,13200.0
2026-05-30T02:25:00Z,13200.0
2026-05-30T02:30:00Z,13200.0
2026-05-30T02:35:00Z,13200.0
2026-05-30T02:40:00Z,13200.0
2026-05-30T02:45:00Z,13200.0
2026-05-30T02:50:00Z,13200.0
2026-05-30T02:55:00Z,13200.0
2026-05-30T03:00:00Z,13200.0
2026-05-30T03:05:00Z,13200.0
2026-05-30T03:10:00Z,13200.0
2026-05-30T03:15:00Z,13100.0
2026-05-30T03:20:00Z,13100.0
2026-05-30T03:25:00Z,13100.0
2026-05-30T03:30:00Z,13100.0
2026-05-30T03:35:00Z,13100.0
2026-05-30T03:40:00Z,13100.0
2026-05-30T03:45:00Z,13100.0
2026-05-30T03:50:00Z,13100.0
2026-05-30T03:55:00Z,13100.0
2026-05-30T04:00:00Z,13100.0
2026-05-30T04:05:00Z,13100.0
2026-05-30T04:10:00Z,13100.0
2026-05-30T04:15:00Z,13100.0
2026-05-30T04:20:00Z,13200.0
2026-05-30T04:25:00Z,13200.0
2026-05-30T04:30:00Z,13200.0
2026-05-30T04:35:00Z,13200.0
2026-05-30T04:40:00Z,13300.0
2026-05-30T04:45:00Z,13300.0
2026-05-30T04:50:00Z,13300.0
2026-05-30T04:55:00Z,13300.0
2026-05-30T05:00:00Z,13300.0
2026-05-30T05:05:00Z,13300.0
2026-05-30T05:10:00Z,13300.0
2026-05-30T05:15:00Z,13300.0
2026-05-30T05:20:00Z,13300.0
2026-05-30T05:25:00Z,13300.0
2026-05-30T05:30:00Z,13300.0
2026-05-30T05:35:00Z,13300.0
2026-05-30T05:40:00Z,13300.0
2026-05-30T05:45:00Z,13300.0
2026-05-30T05:50:00Z,13300.0
2026-05-30T05:55:00Z,13300.0
2026-05-30T06:00:00Z,13300.0
2026-05-30T06:05:00Z,13300.0
2026-05-30T06:10:00Z,13300.0
2026-05-30T06:15:00Z,13300.0
2026-05-30T06:20:00Z,13300.0
2026-05-30T06:25:00Z,13300.0
2026-05-30T06:30:00Z,13300.0
2026-05-30T06:35:00Z,13300.0
2026-05-30T06:40:00Z,13300.0
2026-05-30T06:45:00Z,13300.0
2026-05-30T06:50:00Z,13300.0
2026-05-30T06:55:00Z,13300.0
2026-05-30T07:00:00Z,13300.0
2026-05-30T07:05:00Z,13300.0
2026-05-30T07:10:00Z,13300.0
2026-05-30T07:15:00Z,13300.0
2026-05-30T07:20:00Z,13300.0
2026-05-30T07:25:00Z,13300.0
2026-05-30T07:30:00Z,13300.0
2026-05-30T07:35:00Z,13300.0
2026-05-30T07:40:00Z,13300.0
2026-05-30T07:45:00Z,13300.0
2026-05-30T07:50:00Z,13300.0
2026-05-30T07:55:00Z,13300.0
2026-05-30T08:00:00Z,13300.0
2026-05-30T08:05:00Z,13300.0
2026-05-30T08:10:00Z,13300.0
2026-05-30T08:15:00Z,13300.0
2026-05-30T08:20:00Z,13300.0
2026-05-30T08:25:00Z,13300.0
2026-05-30T08:30:00Z,13300.0
2026-05-30T08:35:00Z,13300.0
2026-05-30T08:40:00Z,13300.0
2026-05-30T08:45:00Z,13300.0
2026-05-30T08:50:00Z,13300.0
2026-05-30T08:55:00Z,13300.0
2026-05-30T09:00:00Z,13300.0
2026-05-30T09:05:00Z,13300.0
2026-05-30T09:10:00Z,13300.0
2026-05-30T09:15:00Z,13300.0
2026-05-30T09:20:00Z,13300.0
2026-05-30T09:25:00Z,13300.0
2026-05-30T09:30:00Z,13300.0
2026-05-30T09:35:00Z,13300.0
2026-05-30T09:40:00Z,13300.0
2026-05-30T09:45:00Z,13300.0
2026-05-30T09:50:00Z,13300.0
2026-05-30T09:55:00Z,13300.0
2026-05-30T10:00:00Z,13300.0
2026-05-30T10:05:00Z,13300.0
2026-05-30T10:10:00Z,13300.0
2026-05-30T10:15:00Z,13300.0
2026-05-30T10:20:00Z,13300.0
2026-05-30T10:25:00Z,13400.0
2026-05-30T10:30:00Z,13400.0
2026-05-30T10:35:00Z,13400.0
2026-05-30T10:40:00Z,13400.0
2026-05-30T10:45:00Z,13400.0
2026-05-30T10:50:00Z,13400.0
2026-05-30T10:55:00Z,13400.0
2026-05-30T11:00:00Z,13400.0
2026-05-30T11:05:00Z,13400.0
2026-05-30T11:10:00Z,13400.0
2026-05-30T11:15:00Z,13400.0
2026-05-30T11:20:00Z,13400.0
2026-05-30T11:25:00Z,13400.0
2026-05-30T11:30:00Z,13400.0
2026-05-30T11:35:00Z,13400.0
2026-05-30T11:40:00Z,13400.0
2026-05-30T11:45:00Z,13400.0
2026-05-30T11:50:00Z,13400.0
2026-05-30T11:55:00Z,13400.0
2026-05-30T12:00:00Z,13400.0
2026-05-30T12:05:00Z,13400.0
2026-05-30T12:10:00Z,13400.0
2026-05-30T12:15:00Z,13400.0
2026-05-30T12:20:00Z,13400.0
2026-05-30T12:25:00Z,13400.0
2026-05-30T12:30:00Z,13400.0
2026-05-30T12:35:00Z,13300.0
2026-05-30T12:40:00Z,13300.0
2026-05-30T12:45:00Z,13300.0
2026-05-30T12:50:00Z,13300.0
2026-05-30T12:55:00Z,13300.0
2026-05-30T13:00:00Z,13300.0
2026-05-30T13:05:00Z,13300.0
2026-05-30T13:10:00Z,13400.0
2026-05-30T13:15:00Z,13400.0
2026-05-30T13:20:00Z,13400.0
2026-05-30T13:25:00Z,13400.0
2026-05-30T13:30:00Z,13400.0
2026-05-30T13:35:00Z,13400.0
2026-05-30T13:40:00Z,13400.0
2026-05-30T13:45:00Z,13400.0
2026-05-30T13:50:00Z,13400.0
2026-05-30T13:55:00Z,13400.0
2026-05-30T14:00:00Z,13400.0
2026-05-30T14:05:00Z,13400.0
2026-05-30T14:10:00Z,13400.0
2026-05-30T14:15:00Z,13400.0
2026-05-30T14:20:00Z,13400.0
2026-05-30T14:25:00Z,13400.0
2026-05-30T14:30:00Z,13400.0
2026-05-30T14:35:00Z,13400.0
2026-05-30T14:40:00Z,13400.0
2026-05-30T14:45:00Z,13400.0
2026-05-30T14:50:00Z,13400.0
2026-05-30T14:55:00Z,13500.0
2026-05-30T15:00:00Z,13500.0
2026-05-30T15:05:00Z,13500.0
2026-05-30T15:10:00Z,13500.0
2026-05-30T15:15:00Z,13500.0
2026-05-30T15:20:00Z,13500.0
2026-05-30T15:25:00Z,13500.0
2026-05-30T15:30:00Z,13500.0
2026-05-30T15:35:00Z,13400.0
2026-05-30T15:40:00Z,13400.0
2026-05-30T15:45:00Z,13400.0
2026-05-30T15:50:00Z,13400.0
2026-05-30T15:55:00Z,13300.0
2026-05-30T16:00:00Z,13300.0
2026-05-30T16:05:00Z,13300.0
2026-05-30T16:10:00Z,13300.0
2026-05-30T16:15:00Z,13300.0
2026-05-30T16:20:00Z,13300.0
2026-05-30T16:25:00Z,13300.0
2026-05-30T16:30:00Z,13300.0
2026-05-30T16:35:00Z,13300.0
2026-05-30T16:40:00Z,13300.0
2026-05-30T16:45:00Z,13300.0
2026-05-30T16:50:00Z,13300.0
2026-05-30T16:55:00Z,13300.0
2026-05-30T17:00:00Z,13300.0
2026-05-30T17:05:00Z,13400.0
2026-05-30T17:10:00Z,13400.0
2026-05-30T17:15:00Z,13400.0
2026-05-30T17:20:00Z,13400.0
2026-05-30T17:25:00Z,13400.0
2026-05-30T17:30:00Z,13400.0
2026-05-30T17:35:00Z,13400.0
2026-05-30T17:40:00Z,13400.0
2026-05-30T17:45:00Z,13400.0
2026-05-30T17:50:00Z,13400.0
2026-05-30T17:55:00Z,13400.0
2026-05-30T18:00:00Z,13400.0
2026-05-30T18:05:00Z,13400.0
2026-05-30T18:10:00Z,13400.0
2026-05-30T18:15:00Z,13400.0
2026-05-30T18:20:00Z,13400.0
2026-05-30T18:25:00Z,13400.0
2026-05-30T18:30:00Z,13400.0
2026-05-30T18:35:00Z,13400.0
2026-05-30T18:40:00Z,13400.0
2026-05-30T18:45:00Z,13400.0
2026-05-30T18:50:00Z,13400.0
2026-05-30T18:55:00Z,13400.0
2026-05-30T19:00:00Z,13400.0
2026-05-30T19:05:00Z,13400.0
2026-05-30T19:10:00Z,13300.0
2026-05-30T19:15:00Z,13400.0
2026-05-30T19:20:00Z,13400.0
2026-05-30T19:25:00Z,13400.0
2026-05-30T19:30:00Z,13400.0
2026-05-30T19:35:00Z,13400.0
2026-05-30T19:40:00Z,13400.0
2026-05-30T19:45:00Z,13400.0
2026-05-30T19:50:00Z,13400.0
2026-05-30T19:55:00Z,13400.0
2026-05-30T20:00:00Z,13400.0
2026-05-30T20:05:00Z,13400.0
2026-05-30T20:10:00Z,13400.0
2026-05-30T20:15:00Z,13400.0
2026-05-30T20:20:00Z,13400.0
2026-05-30T20:25:00Z,13400.0
2026-05-30T20:30:00Z,13400.0
2026-05-30T20:35:00Z,13400.0
2026-05-30T20:40:00Z,13400.0
2026-05-30T20:45:00Z,13400.0
2026-05-30T20:50:00Z,13400.0
2026-05-30T20:55:00Z,13400.0
2026-05-30T21:00:00Z,13400.0
2026-05-30T21:05:00Z,13400.0
2026-05-30T21:10:00Z,13400.0
2026-05-30T21:15:00Z,13300.0
2026-05-30T21:20:00Z,13300.0
2026-05-30T21:25:00Z,13300.0
2026-05-30T21:30:00Z,13300.0
2026-05-30T21:35:00Z,13300.0
2026-05-30T21:40:00Z,13300.0
2026-05-30T21:45:00Z,13300.0
2026-05-30T21:50:00Z,13300.0
2026-05-30T21:55:00Z,13200.0
2026-05-30T22:00:00Z,13300.0
2026-05-30T22:05:00Z,13300.0
2026-05-30T22:10:00Z,13300.0
2026-05-30T22:15:00Z,13300.0
2026-05-30T22:20:00Z,13300.0
2026-05-30T22:25:00Z,13300.0
2026-05-30T22:30:00Z,13300.0
2026-05-30T22:35:00Z,13300.0
2026-05-30T22:40:00Z,13300.0
2026-05-30T22:45:00Z,13300.0
2026-05-30T22:50:00Z,13300.0
2026-05-30T22:55:00Z,13300.0
2026-05-30T23:00:00Z,13300.0
2026-05-30T23:05:00Z,13300.0
2026-05-30T23:10:00Z,13300.0
2026-05-30T23:15:00Z,13300.0
2026-05-30T23:20:00Z,13300.0
2026-05-30T23:25:00Z,13300.0
2026-05-30T23:30:00Z,13300.0
2026-05-30T23:35:00Z,13300.0
2026-05-30T23:40:00Z,13300.0
2026-05-30T23:45:00Z,13300.0
2026-05-30T23:50:00Z,13300.0
2026-05-30T23:55:00Z,13400.0
2026-05-31T00:00:00Z,13400.0
2026-05-31T00:05:00Z,13400.0
2026-05-31T00:10:00Z,13400.0
2026-05-31T00:15:00Z,13300.0
2026-05-31T00:20:00Z,13300.0
2026-05-31T00:25:00Z,13300.0
2026-05-31T00:30:00Z,13300.0
2026-05-31T00:35:00Z,13300.0
2026-05-31T00:40:00Z,13300.0
2026-05-31T00:45:00Z,13300.0
2026-05-31T00:50:00Z,13300.0
2026-05-31T00:55:00Z,13300.0
2026-05-31T01:00:00Z,13300.0
2026-05-31T01:05:00Z,13200.0
2026-05-31T01:10:00Z,13200.0
2026-05-31T01:15:00Z,13200.0
2026-05-31T01:20:00Z,13200.0
2026-05-31T01:25:00Z,13300.0
2026-05-31T01:30:00Z,13300.0
2026-05-31T01:35:00Z,13300.0
2026-05-31T01:40:00Z,13300.0
2026-05-31T01:45:00Z,13300.0
2026-05-31T01:50:00Z,13300.0
2026-05-31T01:55:00Z,13200.0
2026-05-31T02:00:00Z,13200.0
2026-05-31T02:05:00Z,13200.0
2026-05-31T02:10:00Z,13300.0
2026-05-31T02:15:00Z,13300.0
2026-05-31T02:20:00Z,13300.0
2026-05-31T02:25:00Z,13300.0
2026-05-31T02:30:00Z,13300.0
2026-05-31T02:35:00Z,13300.0
2026-05-31T02:40:00Z,13300.0
2026-05-31T02:45:00Z,13300.0
2026-05-31T02:50:00Z,13300.0
2026-05-31T02:55:00Z,13300.0
2026-05-31T03:00:00Z,13300.0
2026-05-31T03:05:00Z,13300.0
2026-05-31T03:10:00Z,13300.0
2026-05-31T03:15:00Z,13300.0
2026-05-31T03:20:00Z,13300.0
2026-05-31T03:25:00Z,13300.0
2026-05-31T03:30:00Z,13300.0
2026-05-31T03:35:00Z,13300.0
2026-05-31T03:40:00Z,13300.0
2026-05-31T03:45:00Z,13300.0
2026-05-31T03:50:00Z,13300.0
2026-05-31T03:55:00Z,13300.0
2026-05-31T04:00:00Z,13300.0
2026-05-31T04:05:00Z,13300.0
2026-05-31T04:10:00Z,13400.0
2026-05-31T04:15:00Z,13400.0
2026-05-31T04:20:00Z,13400.0
2026-05-31T04:25:00Z,13400.0
2026-05-31T04:30:00Z,13400.0
2026-05-31T04:35:00Z,13400.0
2026-05-31T04:40:00Z,13400.0
2026-05-31T04:45:00Z,13400.0
2026-05-31T04:50:00Z,13300.0
2026-05-31T04:55:00Z,13300.0
2026-05-31T05:00:00Z,13300.0
2026-05-31T05:05:00Z,13300.0
2026-05-31T05:10:00Z,13300.0
2026-05-31T05:15:00Z,13300.0
2026-05-31T05:20:00Z,13300.0
2026-05-31T05:25:00Z,13300.0
2026-05-31T05:30:00Z,13300.0
2026-05-31T05:35:00Z,13300.0
2026-05-31T05:40:00Z,13400.0
2026-05-31T05:45:00Z,13400.0
2026-05-31T05:50:00Z,13400.0
2026-05-31T05:55:00Z,13400.0
2026-05-31T06:00:00Z,13400.0
2026-05-31T06:05:00Z,13400.0
2026-05-31T06:10:00Z,13400.0
2026-05-31T06:15:00Z,13400.0
2026-05-31T06:20:00Z,13400.0
2026-05-31T06:25:00Z,13400.0
2026-05-31T06:30:00Z,13400.0
2026-05-31T06:35:00Z,13400.0
2026-05-31T06:40:00Z,13400.0
2026-05-31T06:45:00Z,13400.0
2026-05-31T06:50:00Z,13400.0
2026-05-31T06:55:00Z,13400.0
2026-05-31T07:00:00Z,13400.0
2026-05-31T07:05:00Z,13400.0
2026-05-31T07:10:00Z,13400.0
2026-05-31T07:15:00Z,13400.0
2026-05-31T07:20:00Z,13400.0
2026-05-31T07:25:00Z,13300.0
2026-05-31T07:30:00Z,13300.0
2026-05-31T07:35:00Z,13300.0
2026-05-31T07:40:00Z,13300.0
2026-05-31T07:45:00Z,13300.0
2026-05-31T07:50:00Z,13300.0
2026-05-31T07:55:00Z,13300.0
2026-05-31T08:00:00Z,13300.0
2026-05-31T08:05:00Z,13300.0
2026-05-31T08:10:00Z,13300.0
2026-05-31T08:15:00Z,13300.0
2026-05-31T08:20:00Z,13300.0
2026-05-31T08:25:00Z,13300.0
2026-05-31T08:30:00Z,13400.0
2026-05-31T08:35:00Z,13400.0
2026-05-31T08:40:00Z,13400.0
2026-05-31T08:45:00Z,13400.0
2026-05-31T08:50:00Z,13400.0
2026-05-31T08:55:00Z,13400.0
2026-05-31T09:00:00Z,13300.0
2026-05-31T09:05:00Z,13300.0
2026-05-31T09:10:00Z,13300.0
2026-05-31T09:15:00Z,13300.0
2026-05-31T09:20:00Z,13300.0
2026-05-31T09:25:00Z,13300.0
2026-05-31T09:30:00Z,13300.0
2026-05-31T09:35:00Z,13300.0
2026-05-31T09:40:00Z,13300.0
2026-05-31T09:45:00Z,13300.0
2026-05-31T09:50:00Z,13300.0
2026-05-31T09:55:00Z,13300.0
2026-05-31T10:00:00Z,13300.0
2026-05-31T10:05:00Z,13300.0
2026-05-31T10:10:00Z,13300.0
2026-05-31T10:15:00Z,13300.0
2026-05-31T10:20:00Z,13300.0
2026-05-31T10:25:00Z,13300.0
2026-05-31T10:30:00Z,13300.0
2026-05-31T10:35:00Z,13300.0
2026-05-31T10:40:00Z,13300.0
2026-05-31T10:45:00Z,13300.0
2026-05-31T10:50:00Z,13400.0
2026-05-31T10:55:00Z,13400.0
2026-05-31T11:00:00Z,13400.0
2026-05-31T11:05:00Z,13400.0
2026-05-31T11:10:00Z,13400.0
2026-05-31T11:15:00Z,13400.0
2026-05-31T11:20:00Z,13400.0
2026-05-31T11:25:00Z,13400.0
2026-05-31T11:30:00Z,13400.0
2026-05-31T11:35:00Z,13300.0
2026-05-31T11:40:00Z,13300.0
2026-05-31T11:45:00Z,13300.0
2026-05-31T11:50:00Z,13300.0
2026-05-31T11:55:00Z,13300.0
2026-05-31T12:00:00Z,13300.0
2026-05-31T12:05:00Z,13300.0
2026-05-31T12:10:00Z,13300.0
2026-05-31T12:15:00Z,13300.0
2026-05-31T12:20:00Z,13300.0
2026-05-31T12:25:00Z,13300.0
2026-05-31T12:30:00Z,13300.0
2026-05-31T12:35:00Z,13300.0
2026-05-31T12:40:00Z,13300.0
2026-05-31T12:45:00Z,13300.0
2026-05-31T12:50:00Z,13300.0
2026-05-31T12:55:00Z,13300.0
2026-05-31T13:00:00Z,13300.0
2026-05-31T13:05:00Z,13300.0
2026-05-31T13:10:00Z,13300.0
2026-05-31T13:15:00Z,13300.0
2026-05-31T13:20:00Z,13300.0
2026-05-31T13:25:00Z,13300.0
2026-05-31T13:30:00Z,13300.0
2026-05-31T13:35:00Z,13300.0
2026-05-31T13:40:00Z,13300.0
2026-05-31T13:45:00Z,13300.0
2026-05-31T13:50:00Z,13300.0
2026-05-31T13:55:00Z,13300.0
2026-05-31T14:00:00Z,13300.0
2026-05-31T14:05:00Z,13300.0
2026-05-31T14:10:00Z,13300.0
2026-05-31T14:15:00Z,13300.0
2026-05-31T14:20:00Z,13300.0
2026-05-31T14:25:00Z,13300.0
2026-05-31T14:30:00Z,13300.0
2026-05-31T14:35:00Z,13300.0
2026-05-31T14:40:00Z,13300.0
2026-05-31T14:45:00Z,13300.0
2026-05-31T14:50:00Z,13300.0
2026-05-31T14:55:00Z,13300.0
2026-05-31T15:00:00Z,13300.0
2026-05-31T15:05:00Z,13300.0
2026-05-31T15:10:00Z,13300.0
2026-05-31T15:15:00Z,13300.0
2026-05-31T15:20:00Z,13300.0
2026-05-31T15:25:00Z,13300.0
2026-05-31T15:30:00Z,13300.0
2026-05-31T15:35:00Z,13300.0
2026-05-31T15:40:00Z,13300.0
2026-05-31T15:45:00Z,13300.0
2026-05-31T15:50:00Z,13300.0
2026-05-31T15:55:00Z,13300.0
2026-05-31T16:00:00Z,13300.0
2026-05-31T16:05:00Z,13300.0
2026-05-31T16:10:00Z,13300.0
2026-05-31T16:15:00Z,13300.0
2026-05-31T16:20:00Z,13300.0
2026-05-31T16:25:00Z,13300.0
2026-05-31T16:30:00Z,13300.0
2026-05-31T16:35:00Z,13300.0
2026-05-31T16:40:00Z,13300.0
2026-05-31T16:45:00Z,13200.0
2026-05-31T16:50:00Z,13200.0
2026-05-31T16:55:00Z,13200.0
2026-05-31T17:00:00Z,13200.0
2026-05-31T17:05:00Z,13100.0
2026-05-31T17:10:00Z,13100.0
2026-05-31T17:15:00Z,13100.0
2026-05-31T17:20:00Z,13100.0
2026-05-31T17:25:00Z,13100.0
2026-05-31T17:30:00Z,13100.0
2026-05-31T17:35:00Z,13100.0
2026-05-31T17:40:00Z,13100.0
2026-05-31T17:45:00Z,13100.0
2026-05-31T17:50:00Z,13100.0
2026-05-31T17:55:00Z,13100.0
2026-05-31T18:00:00Z,13100.0
2026-05-31T18:05:00Z,13100.0
2026-05-31T18:10:00Z,13100.0
2026-05-31T18:15:00Z,13100.0
2026-05-31T18:20:00Z,13100.0
2026-05-31T18:25:00Z,13100.0
2026-05-31T18:30:00Z,13100.0
2026-05-31T18:35:00Z,13100.0
2026-05-31T18:40:00Z,13100.0
2026-05-31T18:45:00Z,13100.0
2026-05-31T18:50:00Z,13100.0
2026-05-31T18:55:00Z,13100.0
2026-05-31T19:00:00Z,13100.0
2026-05-31T19:05:00Z,13100.0
2026-05-31T19:10:00Z,13100.0
2026-05-31T19:15:00Z,13100.0
2026-05-31T19:20:00Z,13100.0
2026-05-31T19:25:00Z,13100.0
2026-05-31T19:30:00Z,13100.0
2026-05-31T19:35:00Z,13100.0
2026-05-31T19:40:00Z,13100.0
2026-05-31T19:45:00Z,13100.0
2026-05-31T19:50:00Z,13100.0
2026-05-31T19:55:00Z,13100.0
2026-05-31T20:00:00Z,13100.0
2026-05-31T20:05:00Z,13100.0
2026-05-31T20:10:00Z,13100.0
2026-05-31T20:15:00Z,13100.0
2026-05-31T20:20:00Z,13100.0
2026-05-31T20:25:00Z,13100.0
2026-05-31T20:30:00Z,13100.0
2026-05-31T20:35:00Z,13100.0
2026-05-31T20:40:00Z,13100.0
2026-05-31T20:45:00Z,13200.0
2026-05-31T20:50:00Z,13200.0
2026-05-31T20:55:00Z,13200.0
2026-05-31T21:00:00Z,13200.0
2026-05-31T21:05:00Z,13200.0
2026-05-31T21:10:00Z,13200.0
2026-05-31T21:15:00Z,13200.0
2026-05-31T21:20:00Z,13200.0
2026-05-31T21:25:00Z,13100.0
2026-05-31T21:30:00Z,13100.0
2026-05-31T21:35:00Z,13100.0
2026-05-31T21:40:00Z,13100.0
2026-05-31T21:45:00Z,13100.0
2026-05-31T21:50:00Z,13100.0
2026-05-31T21:55:00Z,13000.0
2026-05-31T22:00:00Z,13000.0
2026-05-31T22:05:00Z,13000.0
2026-05-31T22:10:00Z,13000.0
2026-05-31T22:15:00Z,13000.0
2026-05-31T22:20:00Z,13000.0
2026-05-31T22:25:00Z,13000.0
2026-05-31T22:30:00Z,13000.0
2026-05-31T22:35:00Z,13000.0
2026-05-31T22:40:00Z,13000.0
2026-05-31T22:45:00Z,13000.0
2026-05-31T22:50:00Z,13000.0
2026-05-31T22:55:00Z,13000.0
2026-05-31T23:00:00Z,13000.0
2026-05-31T23:05:00Z,13000.0
2026-05-31T23:10:00Z,13000.0
2026-05-31T23:15:00Z,13000.0
2026-05-31T23:20:00Z,13000.0
2026-05-31T23:25:00Z,13000.0
2026-05-31T23:30:00Z,13000.0
2026-05-31T23:35:00Z,13000.0
2026-05-31T23:40:00Z,12900.0
2026-05-31T23:45:00Z,12900.0
2026-05-31T23:50:00Z,12900.0
2026-05-31T23:55:00Z,12900.0
2026-06-01T00:00:00Z,12900.0
2026-06-01T00:05:00Z,12800.0
2026-06-01T00:10:00Z,12800.0
2026-06-01T00:15:00Z,12800.0
2026-06-01T00:20:00Z,12800.0
2026-06-01T00:25:00Z,12800.0
2026-06-01T00:30:00Z,12800.0
2026-06-01T00:35:00Z,12800.0
2026-06-01T00:40:00Z,12900.0
2026-06-01T00:45:00Z,12900.0
2026-06-01T00:50:00Z,12900.0
2026-06-01T00:55:00Z,12900.0
2026-06-01T01:00:00Z,13000.0
2026-06-01T01:05:00Z,13000.0
2026-06-01T01:10:00Z,13000.0
2026-06-01T01:15:00Z,13000.0
2026-06-01T01:20:00Z,13000.0
2026-06-01T01:25:00Z,13000.0
2026-06-01T01:30:00Z,13000.0
2026-06-01T01:35:00Z,13000.0
2026-06-01T01:40:00Z,13000.0
2026-06-01T01:45:00Z,13000.0
2026-06-01T01:50:00Z,13000.0
2026-06-01T01:55:00Z,13000.0
2026-06-01T02:00:00Z,13000.0
2026-06-01T02:05:00Z,13000.0
2026-06-01T02:10:00Z,13000.0
2026-06-01T02:15:00Z,13000.0
2026-06-01T02:20:00Z,13000.0
2026-06-01T02:25:00Z,13000.0
2026-06-01T02:30:00Z,13000.0
2026-06-01T02:35:00Z,13000.0
2026-06-01T02:40:00Z,13000.0
2026-06-01T02:45:00Z,13000.0
2026-06-01T02:50:00Z,13000.0
2026-06-01T02:55:00Z,13000.0
2026-06-01T03:00:00Z,13000.0
2026-06-01T03:05:00Z,13000.0
2026-06-01T03:10:00Z,13000.0
2026-06-01T03:15:00Z,13000.0
2026-06-01T03:20:00Z,13000.0
2026-06-01T03:25:00Z,13000.0
2026-06-01T03:30:00Z,13000.0
2026-06-01T03:35:00Z,13000.0
2026-06-01T03:40:00Z,13000.0
2026-06-01T03:45:00Z,13000.0
2026-06-01T03:50:00Z,13000.0
2026-06-01T03:55:00Z,13000.0
2026-06-01T04:00:00Z,13000.0
2026-06-01T04:05:00Z,13000.0
2026-06-01T04:10:00Z,13000.0
2026-06-01T04:15:00Z,13000.0
2026-06-01T04:20:00Z,12900.0
2026-06-01T04:25:00Z,12900.0
2026-06-01T04:30:00Z,12900.0
2026-06-01T04:35:00Z,12900.0
2026-06-01T04:40:00Z,12900.0
2026-06-01T04:45:00Z,12900.0
2026-06-01T04:50:00Z,12900.0
2026-06-01T04:55:00Z,12900.0
2026-06-01T05:00:00Z,12900.0
2026-06-01T05:05:00Z,12900.0
2026-06-01T05:10:00Z,12900.0
2026-06-01T05:15:00Z,13000.0
2026-06-01T05:20:00Z,13000.0
2026-06-01T05:25:00Z,13000.0
2026-06-01T05:30:00Z,13000.0
2026-06-01T05:35:00Z,13000.0
2026-06-01T05:40:00Z,13000.0
2026-06-01T05:45:00Z,13000.0
2026-06-01T05:50:00Z,13000.0
2026-06-01T05:55:00Z,13000.0
2026-06-01T06:00:00Z,13000.0
2026-06-01T08:05:00Z,12700.0
2026-06-01T08:10:00Z,12700.0
2026-06-01T08:15:00Z,12700.0
2026-06-01T08:20:00Z,12700.0
2026-06-01T08:25:00Z,12700.0
2026-06-01T08:30:00Z,12700.0
2026-06-01T08:35:00Z,12700.0
2026-06-01T08:40:00Z,12700.0
2026-06-01T08:45:00Z,12800.0
2026-06-01T08:50:00Z,12800.0
2026-06-01T08:55:00Z,12800.0
2026-06-01T09:00:00Z,12900.0
2026-06-01T09:05:00Z,12900.0
2026-06-01T09:10:00Z,12900.0
2026-06-01T09:15:00Z,12900.0
2026-06-01T09:20:00Z,13000.0
2026-06-01T09:25:00Z,13000.0
2026-06-01T09:30:00Z,13000.0
2026-06-01T09:35:00Z,13000.0
2026-06-01T09:40:00Z,13000.0
2026-06-01T09:45:00Z,13000.0
2026-06-01T09:50:00Z,13000.0
2026-06-01T09:55:00Z,13000.0
2026-06-01T10:00:00Z,13000.0
2026-06-01T10:05:00Z,13000.0
2026-06-01T10:10:00Z,13000.0
2026-06-01T10:15:00Z,13000.0
2026-06-01T10:20:00Z,13000.0
2026-06-01T10:25:00Z,13000.0
2026-06-01T10:30:00Z,13000.0
2026-06-01T10:35:00Z,13000.0
2026-06-01T10:40:00Z,13000.0
2026-06-01T10:45:00Z,13000.0
2026-06-01T10:50:00Z,13000.0
2026-06-01T10:55:00Z,12900.0
2026-06-01T11:00:00Z,12900.0
2026-06-01T11:05:00Z,12900.0
2026-06-01T11:10:00Z,12900.0
2026-06-01T11:15:00Z,12900.0
2026-06-01T11:20:00Z,12900.0
2026-06-01T11:25:00Z,13000.0
2026-06-01T11:30:00Z,13000.0
2026-06-01T11:35:00Z,13000.0
2026-06-01T11:40:00Z,13000.0
2026-06-01T11:45:00Z,13000.0
2026-06-01T11:50:00Z,13000.0
2026-06-01T11:55:00Z,13000.0
2026-06-01T12:00:00Z,13000.0
2026-06-01T12:05:00Z,13000.0
2026-06-01T12:10:00Z,13000.0
2026-06-01T12:15:00Z,13000.0
2026-06-01T12:20:00Z,13000.0
2026-06-01T12:25:00Z,13000.0
2026-06-01T12:30:00Z,13000.0
2026-06-01T12:35:00Z,13000.0
2026-06-01T12:40:00Z,13000.0
2026-06-01T12:45:00Z,13000.0
2026-06-01T12:50:00Z,13000.0
2026-06-01T12:55:00Z,13000.0
2026-06-01T13:00:00Z,13000.0
2026-06-01T13:05:00Z,13000.0
2026-06-01T13:10:00Z,13000.0
2026-06-01T13:15:00Z,13000.0
2026-06-01T13:20:00Z,12900.0
2026-06-01T13:25:00Z,12900.0
2026-06-01T13:30:00Z,12900.0
2026-06-01T13:35:00Z,12900.0
2026-06-01T13:40:00Z,12900.0
2026-06-01T13:45:00Z,12900.0
2026-06-01T13:50:00Z,12900.0
2026-06-01T13:55:00Z,12900.0
2026-06-01T14:00:00Z,12900.0
2026-06-01T14:05:00Z,12800.0
2026-06-01T14:10:00Z,12700.0
2026-06-01T14:15:00Z,12700.0
2026-06-01T14:20:00Z,12600.0
2026-06-01T14:25:00Z,12700.0
2026-06-01T14:30:00Z,12800.0
2026-06-01T14:35:00Z,12900.0
2026-06-01T14:40:00Z,13000.0
2026-06-01T14:45:00Z,13100.0
2026-06-01T14:50:00Z,13100.0
2026-06-01T14:55:00Z,13100.0
2026-06-01T15:00:00Z,13100.0
2026-06-01T15:05:00Z,13100.0
2026-06-01T15:10:00Z,13000.0
2026-06-01T15:15:00Z,13000.0
2026-06-01T15:20:00Z,13000.0
2026-06-01T15:25:00Z,13000.0
2026-06-01T15:30:00Z,12900.0
2026-06-01T15:35:00Z,12900.0
2026-06-01T15:40:00Z,12900.0
2026-06-01T15:45:00Z,12900.0
2026-06-01T15:50:00Z,12900.0
2026-06-01T15:55:00Z,12800.0
2026-06-01T16:00:00Z,12800.0
2026-06-01T16:20:00Z,12900.0
2026-06-01T16:25:00Z,12900.0
2026-06-01T16:30:00Z,12900.0
2026-06-01T16:35:00Z,13000.0
2026-06-01T16:40:00Z,13000.0
2026-06-01T17:05:00Z,12900.0
2026-06-01T17:10:00Z,12900.0
2026-06-01T17:15:00Z,12800.0
2026-06-01T17:20:00Z,12700.0
2026-06-01T17:25:00Z,12700.0
2026-06-01T17:30:00Z,12700.0
2026-06-01T17:35:00Z,12600.0
2026-06-01T17:40:00Z,12500.0
2026-06-01T17:45:00Z,12400.0
2026-06-01T17:50:00Z,12400.0
2026-06-01T17:55:00Z,12200.0
2026-06-01T18:00:00Z,12200.0
2026-06-01T18:05:00Z,12100.0
2026-06-01T18:10:00Z,12300.0
2026-06-01T18:15:00Z,12400.0
2026-06-01T18:20:00Z,12900.0
2026-06-01T18:25:00Z,13000.0
2026-06-01T18:30:00Z,13100.0
2026-06-01T18:35:00Z,13200.0
2026-06-01T18:40:00Z,13300.0
2026-06-01T18:45:00Z,13300.0
2026-06-01T18:50:00Z,13300.0
2026-06-01T18:55:00Z,13300.0
2026-06-01T19:00:00Z,13300.0
2026-06-01T19:05:00Z,13300.0
2026-06-01T19:10:00Z,13300.0
2026-06-01T19:15:00Z,13200.0
2026-06-01T19:20:00Z,13200.0
2026-06-01T19:25:00Z,13200.0
2026-06-01T19:30:00Z,13100.0
2026-06-01T19:35:00Z,13000.0
2026-06-01T19:40:00Z,13000.0
2026-06-01T19:45:00Z,13000.0
2026-06-01T19:50:00Z,13000.0
2026-06-01T19:55:00Z,12900.0
2026-06-01T20:00:00Z,12800.0
2026-06-01T20:05:00Z,12800.0
2026-06-01T20:10:00Z,12800.0
2026-06-01T20:15:00Z,12700.0
2026-06-01T20:20:00Z,12700.0
2026-06-01T20:25:00Z,12700.0
2026-06-01T20:30:00Z,12700.0
2026-06-01T20:35:00Z,12700.0
2026-06-01T20:40:00Z,12700.0
2026-06-01T20:45:00Z,12700.0
2026-06-01T20:50:00Z,12700.0
2026-06-01T20:55:00Z,12700.0
2026-06-01T21:00:00Z,12700.0
